Workbook

Sheet Summary
A1: STAFF ATTENDANCE SUMMARY 2025
A2: Prepared: 25 February 2026 | Staff Only | Organized by Department: IT Department
A3: Legend: | B3: ON | C3: Present | D3: OFF | E3: Absent | F3: ½ | G3: Saturday | H3: — | I3: Sunday | J3: OT | K3: Overtime
U4: WEEKEND ROTATION & ATTENDANCE SUMMARY
A5: No | B5: Name | C5: Department | D5: Jan | E5: Feb | F5: Mar | G5: Apr | H5: May | I5: Jun | J5: Jul | K5: Aug | L5: Sep | M5: Oct | N5: Nov | O5: Dec | P5: Present | Q5: Absent | R5: Sundays | S5: Rate | U5: Yr Days Worked | V5: Yr Days OFF | W5: Yr Wknd Fri | X5: Yr Deduct Days | Y5: Sat OT Days | Z5: Sun OT Days | AA5: Total OT Days | AB5: Holidays Worked | AC5: Grand Total OT | AD5: OT Taken | AE5: OT Balance
A6: ► ADMN
A7: 97 | B7: Ndamukunda Flavien | C7: ADMN | D7: 0 | E7: 22 | F7: 18 | G7: 26 | H7: 15 | I7: 11 | J7: 20 | K7: 13 | L7: 27 | M7: 27 | N7: 24 | O7: 10 | P7: =IFERROR(INDEX(January!$AI:$AI,MATCH($A7,January!$A:$A,0)),0)+IFERROR(INDEX(February!$AF:$AF,MATCH($A7,February!$A:$A,0)),0)+IFERROR(INDEX(March!$AI:$AI,MATCH($A7,March!$A:$A,0)),0)+IFERROR(INDEX(April!$AH:$AH,MATCH($A7,April!$A:$A,0)),0)+IFERROR(INDEX(May!$AI:$AI,MATCH($A7,May!$A:$A,0)),0)+IFERROR(INDEX(June!$AH:$AH,MATCH($A7,June!$A:$A,0)),0)+IFERROR(INDEX(July!$AI:$AI,MATCH($A7,July!$A:$A,0)),0)+IFERROR(INDEX(August!$AI:$AI,MATCH($A7,August!$A:$A,0)),0)+IFERROR(INDEX(September!$AH:$AH,MATCH($A7,September!$A:$A,0)),0)+IFERROR(INDEX(October!$AI:$AI,MATCH($A7,October!$A:$A,0)),0)+IFERROR(INDEX(November!$AH:$AH,MATCH($A7,November!$A:$A,0)),0)+IFERROR(INDEX(December!$AI:$AI,MATCH($A7,December!$A:$A,0)),0) -> 178 | Q7: =IFERROR(INDEX(January!$AJ:$AJ,MATCH($A7,January!$A:$A,0)),0)+IFERROR(INDEX(February!$AG:$AG,MATCH($A7,February!$A:$A,0)),0)+IFERROR(INDEX(March!$AJ:$AJ,MATCH($A7,March!$A:$A,0)),0)+IFERROR(INDEX(April!$AI:$AI,MATCH($A7,April!$A:$A,0)),0)+IFERROR(INDEX(May!$AJ:$AJ,MATCH($A7,May!$A:$A,0)),0)+IFERROR(INDEX(June!$AI:$AI,MATCH($A7,June!$A:$A,0)),0)+IFERROR(INDEX(July!$AJ:$AJ,MATCH($A7,July!$A:$A,0)),0)+IFERROR(INDEX(August!$AJ:$AJ,MATCH($A7,August!$A:$A,0)),0)+IFERROR(INDEX(September!$AI:$AI,MATCH($A7,September!$A:$A,0)),0)+IFERROR(INDEX(October!$AJ:$AJ,MATCH($A7,October!$A:$A,0)),0)+IFERROR(INDEX(November!$AI:$AI,MATCH($A7,November!$A:$A,0)),0)+IFERROR(INDEX(December!$AJ:$AJ,MATCH($A7,December!$A:$A,0)),0) -> 83 | R7: =IFERROR(INDEX(January!$AK:$AK,MATCH($A7,January!$A:$A,0)),0)+IFERROR(INDEX(February!$AH:$AH,MATCH($A7,February!$A:$A,0)),0)+IFERROR(INDEX(March!$AK:$AK,MATCH($A7,March!$A:$A,0)),0)+IFERROR(INDEX(April!$AJ:$AJ,MATCH($A7,April!$A:$A,0)),0)+IFERROR(INDEX(May!$AK:$AK,MATCH($A7,May!$A:$A,0)),0)+IFERROR(INDEX(June!$AJ:$AJ,MATCH($A7,June!$A:$A,0)),0)+IFERROR(INDEX(July!$AK:$AK,MATCH($A7,July!$A:$A,0)),0)+IFERROR(INDEX(August!$AK:$AK,MATCH($A7,August!$A:$A,0)),0)+IFERROR(INDEX(September!$AJ:$AJ,MATCH($A7,September!$A:$A,0)),0)+IFERROR(INDEX(October!$AK:$AK,MATCH($A7,October!$A:$A,0)),0)+IFERROR(INDEX(November!$AJ:$AJ,MATCH($A7,November!$A:$A,0)),0)+IFERROR(INDEX(December!$AK:$AK,MATCH($A7,December!$A:$A,0)),0) -> 16 | S7: =IF((P7+Q7)=0,"",P7/(P7+Q7)) -> 0.68199234 | U7: =IFERROR(INDEX(January!$AQ:$AQ,MATCH($A7,January!$A:$A,0)),0)+IFERROR(INDEX(February!$AN:$AN,MATCH($A7,February!$A:$A,0)),0)+IFERROR(INDEX(March!$AQ:$AQ,MATCH($A7,March!$A:$A,0)),0)+IFERROR(INDEX(April!$AP:$AP,MATCH($A7,April!$A:$A,0)),0)+IFERROR(INDEX(May!$AQ:$AQ,MATCH($A7,May!$A:$A,0)),0)+IFERROR(INDEX(June!$AP:$AP,MATCH($A7,June!$A:$A,0)),0)+IFERROR(INDEX(July!$AQ:$AQ,MATCH($A7,July!$A:$A,0)),0)+IFERROR(INDEX(August!$AQ:$AQ,MATCH($A7,August!$A:$A,0)),0)+IFERROR(INDEX(September!$AP:$AP,MATCH($A7,September!$A:$A,0)),0)+IFERROR(INDEX(October!$AQ:$AQ,MATCH($A7,October!$A:$A,0)),0)+IFERROR(INDEX(November!$AP:$AP,MATCH($A7,November!$A:$A,0)),0)+IFERROR(INDEX(December!$AQ:$AQ,MATCH($A7,December!$A:$A,0)),0) -> 195.5 | V7: =IFERROR(INDEX(January!$AJ:$AJ,MATCH($A7,January!$A:$A,0)),0)+IFERROR(INDEX(February!$AG:$AG,MATCH($A7,February!$A:$A,0)),0)+IFERROR(INDEX(March!$AJ:$AJ,MATCH($A7,March!$A:$A,0)),0)+IFERROR(INDEX(April!$AI:$AI,MATCH($A7,April!$A:$A,0)),0)+IFERROR(INDEX(May!$AJ:$AJ,MATCH($A7,May!$A:$A,0)),0)+IFERROR(INDEX(June!$AI:$AI,MATCH($A7,June!$A:$A,0)),0)+IFERROR(INDEX(July!$AJ:$AJ,MATCH($A7,July!$A:$A,0)),0)+IFERROR(INDEX(August!$AJ:$AJ,MATCH($A7,August!$A:$A,0)),0)+IFERROR(INDEX(September!$AI:$AI,MATCH($A7,September!$A:$A,0)),0)+IFERROR(INDEX(October!$AJ:$AJ,MATCH($A7,October!$A:$A,0)),0)+IFERROR(INDEX(November!$AI:$AI,MATCH($A7,November!$A:$A,0)),0)+IFERROR(INDEX(December!$AJ:$AJ,MATCH($A7,December!$A:$A,0)),0) -> 83 | W7: =IFERROR(INDEX(January!$AO:$AO,MATCH($A7,January!$A:$A,0)),0)+IFERROR(INDEX(February!$AL:$AL,MATCH($A7,February!$A:$A,0)),0)+IFERROR(INDEX(March!$AO:$AO,MATCH($A7,March!$A:$A,0)),0)+IFERROR(INDEX(April!$AN:$AN,MATCH($A7,April!$A:$A,0)),0)+IFERROR(INDEX(May!$AO:$AO,MATCH($A7,May!$A:$A,0)),0)+IFERROR(INDEX(June!$AN:$AN,MATCH($A7,June!$A:$A,0)),0)+IFERROR(INDEX(July!$AO:$AO,MATCH($A7,July!$A:$A,0)),0)+IFERROR(INDEX(August!$AO:$AO,MATCH($A7,August!$A:$A,0)),0)+IFERROR(INDEX(September!$AN:$AN,MATCH($A7,September!$A:$A,0)),0)+IFERROR(INDEX(October!$AO:$AO,MATCH($A7,October!$A:$A,0)),0)+IFERROR(INDEX(November!$AN:$AN,MATCH($A7,November!$A:$A,0)),0)+IFERROR(INDEX(December!$AO:$AO,MATCH($A7,December!$A:$A,0)),0) -> 16 | X7: =W7/2 -> 8 | Y7: =(IFERROR(INDEX(January!$AL:$AL,MATCH($A7,January!$A:$A,0)),0)+IFERROR(INDEX(February!$AI:$AI,MATCH($A7,February!$A:$A,0)),0)+IFERROR(INDEX(March!$AL:$AL,MATCH($A7,March!$A:$A,0)),0)+IFERROR(INDEX(April!$AK:$AK,MATCH($A7,April!$A:$A,0)),0)+IFERROR(INDEX(May!$AL:$AL,MATCH($A7,May!$A:$A,0)),0)+IFERROR(INDEX(June!$AK:$AK,MATCH($A7,June!$A:$A,0)),0)+IFERROR(INDEX(July!$AL:$AL,MATCH($A7,July!$A:$A,0)),0)+IFERROR(INDEX(August!$AL:$AL,MATCH($A7,August!$A:$A,0)),0)+IFERROR(INDEX(September!$AK:$AK,MATCH($A7,September!$A:$A,0)),0)+IFERROR(INDEX(October!$AL:$AL,MATCH($A7,October!$A:$A,0)),0)+IFERROR(INDEX(November!$AK:$AK,MATCH($A7,November!$A:$A,0)),0)+IFERROR(INDEX(December!$AL:$AL,MATCH($A7,December!$A:$A,0)),0))*0.5 -> 9.5 | Z7: =IFERROR(INDEX(January!$AK:$AK,MATCH($A7,January!$A:$A,0)),0)+IFERROR(INDEX(February!$AH:$AH,MATCH($A7,February!$A:$A,0)),0)+IFERROR(INDEX(March!$AK:$AK,MATCH($A7,March!$A:$A,0)),0)+IFERROR(INDEX(April!$AJ:$AJ,MATCH($A7,April!$A:$A,0)),0)+IFERROR(INDEX(May!$AK:$AK,MATCH($A7,May!$A:$A,0)),0)+IFERROR(INDEX(June!$AJ:$AJ,MATCH($A7,June!$A:$A,0)),0)+IFERROR(INDEX(July!$AK:$AK,MATCH($A7,July!$A:$A,0)),0)+IFERROR(INDEX(August!$AK:$AK,MATCH($A7,August!$A:$A,0)),0)+IFERROR(INDEX(September!$AJ:$AJ,MATCH($A7,September!$A:$A,0)),0)+IFERROR(INDEX(October!$AK:$AK,MATCH($A7,October!$A:$A,0)),0)+IFERROR(INDEX(November!$AJ:$AJ,MATCH($A7,November!$A:$A,0)),0)+IFERROR(INDEX(December!$AK:$AK,MATCH($A7,December!$A:$A,0)),0) -> 16 | AA7: =Y7+Z7 -> 25.5 | AB7: 17 | AC7: =AA7+IF(AB7="",0,AB7) -> 42.5 | AE7: =AC7-IF(AD7="",0,AD7) -> 42.5
A8: 207 | B8: NSABIMANA ABIKUNDA Irene | C8: ADMN | D8: 23 | E8: 23 | F8: 24 | G8: 22 | H8: 22 | I8: 17 | J8: 9 | K8: 23 | L8: 26 | M8: 23 | N8: 14 | O8: 9 | P8: =IFERROR(INDEX(January!$AI:$AI,MATCH($A8,January!$A:$A,0)),0)+IFERROR(INDEX(February!$AF:$AF,MATCH($A8,February!$A:$A,0)),0)+IFERROR(INDEX(March!$AI:$AI,MATCH($A8,March!$A:$A,0)),0)+IFERROR(INDEX(April!$AH:$AH,MATCH($A8,April!$A:$A,0)),0)+IFERROR(INDEX(May!$AI:$AI,MATCH($A8,May!$A:$A,0)),0)+IFERROR(INDEX(June!$AH:$AH,MATCH($A8,June!$A:$A,0)),0)+IFERROR(INDEX(July!$AI:$AI,MATCH($A8,July!$A:$A,0)),0)+IFERROR(INDEX(August!$AI:$AI,MATCH($A8,August!$A:$A,0)),0)+IFERROR(INDEX(September!$AH:$AH,MATCH($A8,September!$A:$A,0)),0)+IFERROR(INDEX(October!$AI:$AI,MATCH($A8,October!$A:$A,0)),0)+IFERROR(INDEX(November!$AH:$AH,MATCH($A8,November!$A:$A,0)),0)+IFERROR(INDEX(December!$AI:$AI,MATCH($A8,December!$A:$A,0)),0) -> 187 | Q8: =IFERROR(INDEX(January!$AJ:$AJ,MATCH($A8,January!$A:$A,0)),0)+IFERROR(INDEX(February!$AG:$AG,MATCH($A8,February!$A:$A,0)),0)+IFERROR(INDEX(March!$AJ:$AJ,MATCH($A8,March!$A:$A,0)),0)+IFERROR(INDEX(April!$AI:$AI,MATCH($A8,April!$A:$A,0)),0)+IFERROR(INDEX(May!$AJ:$AJ,MATCH($A8,May!$A:$A,0)),0)+IFERROR(INDEX(June!$AI:$AI,MATCH($A8,June!$A:$A,0)),0)+IFERROR(INDEX(July!$AJ:$AJ,MATCH($A8,July!$A:$A,0)),0)+IFERROR(INDEX(August!$AJ:$AJ,MATCH($A8,August!$A:$A,0)),0)+IFERROR(INDEX(September!$AI:$AI,MATCH($A8,September!$A:$A,0)),0)+IFERROR(INDEX(October!$AJ:$AJ,MATCH($A8,October!$A:$A,0)),0)+IFERROR(INDEX(November!$AI:$AI,MATCH($A8,November!$A:$A,0)),0)+IFERROR(INDEX(December!$AJ:$AJ,MATCH($A8,December!$A:$A,0)),0) -> 74 | R8: =IFERROR(INDEX(January!$AK:$AK,MATCH($A8,January!$A:$A,0)),0)+IFERROR(INDEX(February!$AH:$AH,MATCH($A8,February!$A:$A,0)),0)+IFERROR(INDEX(March!$AK:$AK,MATCH($A8,March!$A:$A,0)),0)+IFERROR(INDEX(April!$AJ:$AJ,MATCH($A8,April!$A:$A,0)),0)+IFERROR(INDEX(May!$AK:$AK,MATCH($A8,May!$A:$A,0)),0)+IFERROR(INDEX(June!$AJ:$AJ,MATCH($A8,June!$A:$A,0)),0)+IFERROR(INDEX(July!$AK:$AK,MATCH($A8,July!$A:$A,0)),0)+IFERROR(INDEX(August!$AK:$AK,MATCH($A8,August!$A:$A,0)),0)+IFERROR(INDEX(September!$AJ:$AJ,MATCH($A8,September!$A:$A,0)),0)+IFERROR(INDEX(October!$AK:$AK,MATCH($A8,October!$A:$A,0)),0)+IFERROR(INDEX(November!$AJ:$AJ,MATCH($A8,November!$A:$A,0)),0)+IFERROR(INDEX(December!$AK:$AK,MATCH($A8,December!$A:$A,0)),0) -> 24 | S8: =IF((P8+Q8)=0,"",P8/(P8+Q8)) -> 0.7164751 | U8: =IFERROR(INDEX(January!$AQ:$AQ,MATCH($A8,January!$A:$A,0)),0)+IFERROR(INDEX(February!$AN:$AN,MATCH($A8,February!$A:$A,0)),0)+IFERROR(INDEX(March!$AQ:$AQ,MATCH($A8,March!$A:$A,0)),0)+IFERROR(INDEX(April!$AP:$AP,MATCH($A8,April!$A:$A,0)),0)+IFERROR(INDEX(May!$AQ:$AQ,MATCH($A8,May!$A:$A,0)),0)+IFERROR(INDEX(June!$AP:$AP,MATCH($A8,June!$A:$A,0)),0)+IFERROR(INDEX(July!$AQ:$AQ,MATCH($A8,July!$A:$A,0)),0)+IFERROR(INDEX(August!$AQ:$AQ,MATCH($A8,August!$A:$A,0)),0)+IFERROR(INDEX(September!$AP:$AP,MATCH($A8,September!$A:$A,0)),0)+IFERROR(INDEX(October!$AQ:$AQ,MATCH($A8,October!$A:$A,0)),0)+IFERROR(INDEX(November!$AP:$AP,MATCH($A8,November!$A:$A,0)),0)+IFERROR(INDEX(December!$AQ:$AQ,MATCH($A8,December!$A:$A,0)),0) -> 218 | V8: =IFERROR(INDEX(January!$AJ:$AJ,MATCH($A8,January!$A:$A,0)),0)+IFERROR(INDEX(February!$AG:$AG,MATCH($A8,February!$A:$A,0)),0)+IFERROR(INDEX(March!$AJ:$AJ,MATCH($A8,March!$A:$A,0)),0)+IFERROR(INDEX(April!$AI:$AI,MATCH($A8,April!$A:$A,0)),0)+IFERROR(INDEX(May!$AJ:$AJ,MATCH($A8,May!$A:$A,0)),0)+IFERROR(INDEX(June!$AI:$AI,MATCH($A8,June!$A:$A,0)),0)+IFERROR(INDEX(July!$AJ:$AJ,MATCH($A8,July!$A:$A,0)),0)+IFERROR(INDEX(August!$AJ:$AJ,MATCH($A8,August!$A:$A,0)),0)+IFERROR(INDEX(September!$AI:$AI,MATCH($A8,September!$A:$A,0)),0)+IFERROR(INDEX(October!$AJ:$AJ,MATCH($A8,October!$A:$A,0)),0)+IFERROR(INDEX(November!$AI:$AI,MATCH($A8,November!$A:$A,0)),0)+IFERROR(INDEX(December!$AJ:$AJ,MATCH($A8,December!$A:$A,0)),0) -> 74 | W8: =IFERROR(INDEX(January!$AO:$AO,MATCH($A8,January!$A:$A,0)),0)+IFERROR(INDEX(February!$AL:$AL,MATCH($A8,February!$A:$A,0)),0)+IFERROR(INDEX(March!$AO:$AO,MATCH($A8,March!$A:$A,0)),0)+IFERROR(INDEX(April!$AN:$AN,MATCH($A8,April!$A:$A,0)),0)+IFERROR(INDEX(May!$AO:$AO,MATCH($A8,May!$A:$A,0)),0)+IFERROR(INDEX(June!$AN:$AN,MATCH($A8,June!$A:$A,0)),0)+IFERROR(INDEX(July!$AO:$AO,MATCH($A8,July!$A:$A,0)),0)+IFERROR(INDEX(August!$AO:$AO,MATCH($A8,August!$A:$A,0)),0)+IFERROR(INDEX(September!$AN:$AN,MATCH($A8,September!$A:$A,0)),0)+IFERROR(INDEX(October!$AO:$AO,MATCH($A8,October!$A:$A,0)),0)+IFERROR(INDEX(November!$AN:$AN,MATCH($A8,November!$A:$A,0)),0)+IFERROR(INDEX(December!$AO:$AO,MATCH($A8,December!$A:$A,0)),0) -> 10 | X8: =W8/2 -> 5 | Y8: =(IFERROR(INDEX(January!$AL:$AL,MATCH($A8,January!$A:$A,0)),0)+IFERROR(INDEX(February!$AI:$AI,MATCH($A8,February!$A:$A,0)),0)+IFERROR(INDEX(March!$AL:$AL,MATCH($A8,March!$A:$A,0)),0)+IFERROR(INDEX(April!$AK:$AK,MATCH($A8,April!$A:$A,0)),0)+IFERROR(INDEX(May!$AL:$AL,MATCH($A8,May!$A:$A,0)),0)+IFERROR(INDEX(June!$AK:$AK,MATCH($A8,June!$A:$A,0)),0)+IFERROR(INDEX(July!$AL:$AL,MATCH($A8,July!$A:$A,0)),0)+IFERROR(INDEX(August!$AL:$AL,MATCH($A8,August!$A:$A,0)),0)+IFERROR(INDEX(September!$AK:$AK,MATCH($A8,September!$A:$A,0)),0)+IFERROR(INDEX(October!$AL:$AL,MATCH($A8,October!$A:$A,0)),0)+IFERROR(INDEX(November!$AK:$AK,MATCH($A8,November!$A:$A,0)),0)+IFERROR(INDEX(December!$AL:$AL,MATCH($A8,December!$A:$A,0)),0))*0.5 -> 12 | Z8: =IFERROR(INDEX(January!$AK:$AK,MATCH($A8,January!$A:$A,0)),0)+IFERROR(INDEX(February!$AH:$AH,MATCH($A8,February!$A:$A,0)),0)+IFERROR(INDEX(March!$AK:$AK,MATCH($A8,March!$A:$A,0)),0)+IFERROR(INDEX(April!$AJ:$AJ,MATCH($A8,April!$A:$A,0)),0)+IFERROR(INDEX(May!$AK:$AK,MATCH($A8,May!$A:$A,0)),0)+IFERROR(INDEX(June!$AJ:$AJ,MATCH($A8,June!$A:$A,0)),0)+IFERROR(INDEX(July!$AK:$AK,MATCH($A8,July!$A:$A,0)),0)+IFERROR(INDEX(August!$AK:$AK,MATCH($A8,August!$A:$A,0)),0)+IFERROR(INDEX(September!$AJ:$AJ,MATCH($A8,September!$A:$A,0)),0)+IFERROR(INDEX(October!$AK:$AK,MATCH($A8,October!$A:$A,0)),0)+IFERROR(INDEX(November!$AJ:$AJ,MATCH($A8,November!$A:$A,0)),0)+IFERROR(INDEX(December!$AK:$AK,MATCH($A8,December!$A:$A,0)),0) -> 24 | AA8: =Y8+Z8 -> 36 | AB8: 17 | AC8: =AA8+IF(AB8="",0,AB8) -> 53 | AE8: =AC8-IF(AD8="",0,AD8) -> 53
A9: 211 | B9: HAKIZIMANA DIOGENE | C9: ADMN | D9: 10 | E9: 20 | F9: 24 | G9: 3 | H9: 15 | I9: 22 | J9: 22 | K9: 22 | L9: 26 | M9: 20 | N9: 18 | O9: 18 | P9: =IFERROR(INDEX(January!$AI:$AI,MATCH($A9,January!$A:$A,0)),0)+IFERROR(INDEX(February!$AF:$AF,MATCH($A9,February!$A:$A,0)),0)+IFERROR(INDEX(March!$AI:$AI,MATCH($A9,March!$A:$A,0)),0)+IFERROR(INDEX(April!$AH:$AH,MATCH($A9,April!$A:$A,0)),0)+IFERROR(INDEX(May!$AI:$AI,MATCH($A9,May!$A:$A,0)),0)+IFERROR(INDEX(June!$AH:$AH,MATCH($A9,June!$A:$A,0)),0)+IFERROR(INDEX(July!$AI:$AI,MATCH($A9,July!$A:$A,0)),0)+IFERROR(INDEX(August!$AI:$AI,MATCH($A9,August!$A:$A,0)),0)+IFERROR(INDEX(September!$AH:$AH,MATCH($A9,September!$A:$A,0)),0)+IFERROR(INDEX(October!$AI:$AI,MATCH($A9,October!$A:$A,0)),0)+IFERROR(INDEX(November!$AH:$AH,MATCH($A9,November!$A:$A,0)),0)+IFERROR(INDEX(December!$AI:$AI,MATCH($A9,December!$A:$A,0)),0) -> 188 | Q9: =IFERROR(INDEX(January!$AJ:$AJ,MATCH($A9,January!$A:$A,0)),0)+IFERROR(INDEX(February!$AG:$AG,MATCH($A9,February!$A:$A,0)),0)+IFERROR(INDEX(March!$AJ:$AJ,MATCH($A9,March!$A:$A,0)),0)+IFERROR(INDEX(April!$AI:$AI,MATCH($A9,April!$A:$A,0)),0)+IFERROR(INDEX(May!$AJ:$AJ,MATCH($A9,May!$A:$A,0)),0)+IFERROR(INDEX(June!$AI:$AI,MATCH($A9,June!$A:$A,0)),0)+IFERROR(INDEX(July!$AJ:$AJ,MATCH($A9,July!$A:$A,0)),0)+IFERROR(INDEX(August!$AJ:$AJ,MATCH($A9,August!$A:$A,0)),0)+IFERROR(INDEX(September!$AI:$AI,MATCH($A9,September!$A:$A,0)),0)+IFERROR(INDEX(October!$AJ:$AJ,MATCH($A9,October!$A:$A,0)),0)+IFERROR(INDEX(November!$AI:$AI,MATCH($A9,November!$A:$A,0)),0)+IFERROR(INDEX(December!$AJ:$AJ,MATCH($A9,December!$A:$A,0)),0) -> 73 | R9: =IFERROR(INDEX(January!$AK:$AK,MATCH($A9,January!$A:$A,0)),0)+IFERROR(INDEX(February!$AH:$AH,MATCH($A9,February!$A:$A,0)),0)+IFERROR(INDEX(March!$AK:$AK,MATCH($A9,March!$A:$A,0)),0)+IFERROR(INDEX(April!$AJ:$AJ,MATCH($A9,April!$A:$A,0)),0)+IFERROR(INDEX(May!$AK:$AK,MATCH($A9,May!$A:$A,0)),0)+IFERROR(INDEX(June!$AJ:$AJ,MATCH($A9,June!$A:$A,0)),0)+IFERROR(INDEX(July!$AK:$AK,MATCH($A9,July!$A:$A,0)),0)+IFERROR(INDEX(August!$AK:$AK,MATCH($A9,August!$A:$A,0)),0)+IFERROR(INDEX(September!$AJ:$AJ,MATCH($A9,September!$A:$A,0)),0)+IFERROR(INDEX(October!$AK:$AK,MATCH($A9,October!$A:$A,0)),0)+IFERROR(INDEX(November!$AJ:$AJ,MATCH($A9,November!$A:$A,0)),0)+IFERROR(INDEX(December!$AK:$AK,MATCH($A9,December!$A:$A,0)),0) -> 16 | S9: =IF((P9+Q9)=0,"",P9/(P9+Q9)) -> 0.72030651 | U9: =IFERROR(INDEX(January!$AQ:$AQ,MATCH($A9,January!$A:$A,0)),0)+IFERROR(INDEX(February!$AN:$AN,MATCH($A9,February!$A:$A,0)),0)+IFERROR(INDEX(March!$AQ:$AQ,MATCH($A9,March!$A:$A,0)),0)+IFERROR(INDEX(April!$AP:$AP,MATCH($A9,April!$A:$A,0)),0)+IFERROR(INDEX(May!$AQ:$AQ,MATCH($A9,May!$A:$A,0)),0)+IFERROR(INDEX(June!$AP:$AP,MATCH($A9,June!$A:$A,0)),0)+IFERROR(INDEX(July!$AQ:$AQ,MATCH($A9,July!$A:$A,0)),0)+IFERROR(INDEX(August!$AQ:$AQ,MATCH($A9,August!$A:$A,0)),0)+IFERROR(INDEX(September!$AP:$AP,MATCH($A9,September!$A:$A,0)),0)+IFERROR(INDEX(October!$AQ:$AQ,MATCH($A9,October!$A:$A,0)),0)+IFERROR(INDEX(November!$AP:$AP,MATCH($A9,November!$A:$A,0)),0)+IFERROR(INDEX(December!$AQ:$AQ,MATCH($A9,December!$A:$A,0)),0) -> 203.5 | V9: =IFERROR(INDEX(January!$AJ:$AJ,MATCH($A9,January!$A:$A,0)),0)+IFERROR(INDEX(February!$AG:$AG,MATCH($A9,February!$A:$A,0)),0)+IFERROR(INDEX(March!$AJ:$AJ,MATCH($A9,March!$A:$A,0)),0)+IFERROR(INDEX(April!$AI:$AI,MATCH($A9,April!$A:$A,0)),0)+IFERROR(INDEX(May!$AJ:$AJ,MATCH($A9,May!$A:$A,0)),0)+IFERROR(INDEX(June!$AI:$AI,MATCH($A9,June!$A:$A,0)),0)+IFERROR(INDEX(July!$AJ:$AJ,MATCH($A9,July!$A:$A,0)),0)+IFERROR(INDEX(August!$AJ:$AJ,MATCH($A9,August!$A:$A,0)),0)+IFERROR(INDEX(September!$AI:$AI,MATCH($A9,September!$A:$A,0)),0)+IFERROR(INDEX(October!$AJ:$AJ,MATCH($A9,October!$A:$A,0)),0)+IFERROR(INDEX(November!$AI:$AI,MATCH($A9,November!$A:$A,0)),0)+IFERROR(INDEX(December!$AJ:$AJ,MATCH($A9,December!$A:$A,0)),0) -> 73 | W9: =IFERROR(INDEX(January!$AO:$AO,MATCH($A9,January!$A:$A,0)),0)+IFERROR(INDEX(February!$AL:$AL,MATCH($A9,February!$A:$A,0)),0)+IFERROR(INDEX(March!$AO:$AO,MATCH($A9,March!$A:$A,0)),0)+IFERROR(INDEX(April!$AN:$AN,MATCH($A9,April!$A:$A,0)),0)+IFERROR(INDEX(May!$AO:$AO,MATCH($A9,May!$A:$A,0)),0)+IFERROR(INDEX(June!$AN:$AN,MATCH($A9,June!$A:$A,0)),0)+IFERROR(INDEX(July!$AO:$AO,MATCH($A9,July!$A:$A,0)),0)+IFERROR(INDEX(August!$AO:$AO,MATCH($A9,August!$A:$A,0)),0)+IFERROR(INDEX(September!$AN:$AN,MATCH($A9,September!$A:$A,0)),0)+IFERROR(INDEX(October!$AO:$AO,MATCH($A9,October!$A:$A,0)),0)+IFERROR(INDEX(November!$AN:$AN,MATCH($A9,November!$A:$A,0)),0)+IFERROR(INDEX(December!$AO:$AO,MATCH($A9,December!$A:$A,0)),0) -> 17 | X9: =W9/2 -> 8.5 | Y9: =(IFERROR(INDEX(January!$AL:$AL,MATCH($A9,January!$A:$A,0)),0)+IFERROR(INDEX(February!$AI:$AI,MATCH($A9,February!$A:$A,0)),0)+IFERROR(INDEX(March!$AL:$AL,MATCH($A9,March!$A:$A,0)),0)+IFERROR(INDEX(April!$AK:$AK,MATCH($A9,April!$A:$A,0)),0)+IFERROR(INDEX(May!$AL:$AL,MATCH($A9,May!$A:$A,0)),0)+IFERROR(INDEX(June!$AK:$AK,MATCH($A9,June!$A:$A,0)),0)+IFERROR(INDEX(July!$AL:$AL,MATCH($A9,July!$A:$A,0)),0)+IFERROR(INDEX(August!$AL:$AL,MATCH($A9,August!$A:$A,0)),0)+IFERROR(INDEX(September!$AK:$AK,MATCH($A9,September!$A:$A,0)),0)+IFERROR(INDEX(October!$AL:$AL,MATCH($A9,October!$A:$A,0)),0)+IFERROR(INDEX(November!$AK:$AK,MATCH($A9,November!$A:$A,0)),0)+IFERROR(INDEX(December!$AL:$AL,MATCH($A9,December!$A:$A,0)),0))*0.5 -> 8 | Z9: =IFERROR(INDEX(January!$AK:$AK,MATCH($A9,January!$A:$A,0)),0)+IFERROR(INDEX(February!$AH:$AH,MATCH($A9,February!$A:$A,0)),0)+IFERROR(INDEX(March!$AK:$AK,MATCH($A9,March!$A:$A,0)),0)+IFERROR(INDEX(April!$AJ:$AJ,MATCH($A9,April!$A:$A,0)),0)+IFERROR(INDEX(May!$AK:$AK,MATCH($A9,May!$A:$A,0)),0)+IFERROR(INDEX(June!$AJ:$AJ,MATCH($A9,June!$A:$A,0)),0)+IFERROR(INDEX(July!$AK:$AK,MATCH($A9,July!$A:$A,0)),0)+IFERROR(INDEX(August!$AK:$AK,MATCH($A9,August!$A:$A,0)),0)+IFERROR(INDEX(September!$AJ:$AJ,MATCH($A9,September!$A:$A,0)),0)+IFERROR(INDEX(October!$AK:$AK,MATCH($A9,October!$A:$A,0)),0)+IFERROR(INDEX(November!$AJ:$AJ,MATCH($A9,November!$A:$A,0)),0)+IFERROR(INDEX(December!$AK:$AK,MATCH($A9,December!$A:$A,0)),0) -> 16 | AA9: =Y9+Z9 -> 24 | AB9: 17 | AC9: =AA9+IF(AB9="",0,AB9) -> 41 | AE9: =AC9-IF(AD9="",0,AD9) -> 41
A10: 249 | B10: KARIHANZE THEMISTOCLESS | C10: ADMN | D10: 22 | E10: 22 | F10: 14 | G10: 15 | H10: 22 | I10: 23 | J10: 25 | K10: 19 | L10: 25 | M10: 27 | N10: 10 | O10: 5 | P10: =IFERROR(INDEX(January!$AI:$AI,MATCH($A10,January!$A:$A,0)),0)+IFERROR(INDEX(February!$AF:$AF,MATCH($A10,February!$A:$A,0)),0)+IFERROR(INDEX(March!$AI:$AI,MATCH($A10,March!$A:$A,0)),0)+IFERROR(INDEX(April!$AH:$AH,MATCH($A10,April!$A:$A,0)),0)+IFERROR(INDEX(May!$AI:$AI,MATCH($A10,May!$A:$A,0)),0)+IFERROR(INDEX(June!$AH:$AH,MATCH($A10,June!$A:$A,0)),0)+IFERROR(INDEX(July!$AI:$AI,MATCH($A10,July!$A:$A,0)),0)+IFERROR(INDEX(August!$AI:$AI,MATCH($A10,August!$A:$A,0)),0)+IFERROR(INDEX(September!$AH:$AH,MATCH($A10,September!$A:$A,0)),0)+IFERROR(INDEX(October!$AI:$AI,MATCH($A10,October!$A:$A,0)),0)+IFERROR(INDEX(November!$AH:$AH,MATCH($A10,November!$A:$A,0)),0)+IFERROR(INDEX(December!$AI:$AI,MATCH($A10,December!$A:$A,0)),0) -> 185 | Q10: =IFERROR(INDEX(January!$AJ:$AJ,MATCH($A10,January!$A:$A,0)),0)+IFERROR(INDEX(February!$AG:$AG,MATCH($A10,February!$A:$A,0)),0)+IFERROR(INDEX(March!$AJ:$AJ,MATCH($A10,March!$A:$A,0)),0)+IFERROR(INDEX(April!$AI:$AI,MATCH($A10,April!$A:$A,0)),0)+IFERROR(INDEX(May!$AJ:$AJ,MATCH($A10,May!$A:$A,0)),0)+IFERROR(INDEX(June!$AI:$AI,MATCH($A10,June!$A:$A,0)),0)+IFERROR(INDEX(July!$AJ:$AJ,MATCH($A10,July!$A:$A,0)),0)+IFERROR(INDEX(August!$AJ:$AJ,MATCH($A10,August!$A:$A,0)),0)+IFERROR(INDEX(September!$AI:$AI,MATCH($A10,September!$A:$A,0)),0)+IFERROR(INDEX(October!$AJ:$AJ,MATCH($A10,October!$A:$A,0)),0)+IFERROR(INDEX(November!$AI:$AI,MATCH($A10,November!$A:$A,0)),0)+IFERROR(INDEX(December!$AJ:$AJ,MATCH($A10,December!$A:$A,0)),0) -> 76 | R10: =IFERROR(INDEX(January!$AK:$AK,MATCH($A10,January!$A:$A,0)),0)+IFERROR(INDEX(February!$AH:$AH,MATCH($A10,February!$A:$A,0)),0)+IFERROR(INDEX(March!$AK:$AK,MATCH($A10,March!$A:$A,0)),0)+IFERROR(INDEX(April!$AJ:$AJ,MATCH($A10,April!$A:$A,0)),0)+IFERROR(INDEX(May!$AK:$AK,MATCH($A10,May!$A:$A,0)),0)+IFERROR(INDEX(June!$AJ:$AJ,MATCH($A10,June!$A:$A,0)),0)+IFERROR(INDEX(July!$AK:$AK,MATCH($A10,July!$A:$A,0)),0)+IFERROR(INDEX(August!$AK:$AK,MATCH($A10,August!$A:$A,0)),0)+IFERROR(INDEX(September!$AJ:$AJ,MATCH($A10,September!$A:$A,0)),0)+IFERROR(INDEX(October!$AK:$AK,MATCH($A10,October!$A:$A,0)),0)+IFERROR(INDEX(November!$AJ:$AJ,MATCH($A10,November!$A:$A,0)),0)+IFERROR(INDEX(December!$AK:$AK,MATCH($A10,December!$A:$A,0)),0) -> 21 | S10: =IF((P10+Q10)=0,"",P10/(P10+Q10)) -> 0.70881226 | U10: =IFERROR(INDEX(January!$AQ:$AQ,MATCH($A10,January!$A:$A,0)),0)+IFERROR(INDEX(February!$AN:$AN,MATCH($A10,February!$A:$A,0)),0)+IFERROR(INDEX(March!$AQ:$AQ,MATCH($A10,March!$A:$A,0)),0)+IFERROR(INDEX(April!$AP:$AP,MATCH($A10,April!$A:$A,0)),0)+IFERROR(INDEX(May!$AQ:$AQ,MATCH($A10,May!$A:$A,0)),0)+IFERROR(INDEX(June!$AP:$AP,MATCH($A10,June!$A:$A,0)),0)+IFERROR(INDEX(July!$AQ:$AQ,MATCH($A10,July!$A:$A,0)),0)+IFERROR(INDEX(August!$AQ:$AQ,MATCH($A10,August!$A:$A,0)),0)+IFERROR(INDEX(September!$AP:$AP,MATCH($A10,September!$A:$A,0)),0)+IFERROR(INDEX(October!$AQ:$AQ,MATCH($A10,October!$A:$A,0)),0)+IFERROR(INDEX(November!$AP:$AP,MATCH($A10,November!$A:$A,0)),0)+IFERROR(INDEX(December!$AQ:$AQ,MATCH($A10,December!$A:$A,0)),0) -> 210.5 | V10: =IFERROR(INDEX(January!$AJ:$AJ,MATCH($A10,January!$A:$A,0)),0)+IFERROR(INDEX(February!$AG:$AG,MATCH($A10,February!$A:$A,0)),0)+IFERROR(INDEX(March!$AJ:$AJ,MATCH($A10,March!$A:$A,0)),0)+IFERROR(INDEX(April!$AI:$AI,MATCH($A10,April!$A:$A,0)),0)+IFERROR(INDEX(May!$AJ:$AJ,MATCH($A10,May!$A:$A,0)),0)+IFERROR(INDEX(June!$AI:$AI,MATCH($A10,June!$A:$A,0)),0)+IFERROR(INDEX(July!$AJ:$AJ,MATCH($A10,July!$A:$A,0)),0)+IFERROR(INDEX(August!$AJ:$AJ,MATCH($A10,August!$A:$A,0)),0)+IFERROR(INDEX(September!$AI:$AI,MATCH($A10,September!$A:$A,0)),0)+IFERROR(INDEX(October!$AJ:$AJ,MATCH($A10,October!$A:$A,0)),0)+IFERROR(INDEX(November!$AI:$AI,MATCH($A10,November!$A:$A,0)),0)+IFERROR(INDEX(December!$AJ:$AJ,MATCH($A10,December!$A:$A,0)),0) -> 76 | W10: =IFERROR(INDEX(January!$AO:$AO,MATCH($A10,January!$A:$A,0)),0)+IFERROR(INDEX(February!$AL:$AL,MATCH($A10,February!$A:$A,0)),0)+IFERROR(INDEX(March!$AO:$AO,MATCH($A10,March!$A:$A,0)),0)+IFERROR(INDEX(April!$AN:$AN,MATCH($A10,April!$A:$A,0)),0)+IFERROR(INDEX(May!$AO:$AO,MATCH($A10,May!$A:$A,0)),0)+IFERROR(INDEX(June!$AN:$AN,MATCH($A10,June!$A:$A,0)),0)+IFERROR(INDEX(July!$AO:$AO,MATCH($A10,July!$A:$A,0)),0)+IFERROR(INDEX(August!$AO:$AO,MATCH($A10,August!$A:$A,0)),0)+IFERROR(INDEX(September!$AN:$AN,MATCH($A10,September!$A:$A,0)),0)+IFERROR(INDEX(October!$AO:$AO,MATCH($A10,October!$A:$A,0)),0)+IFERROR(INDEX(November!$AN:$AN,MATCH($A10,November!$A:$A,0)),0)+IFERROR(INDEX(December!$AO:$AO,MATCH($A10,December!$A:$A,0)),0) -> 14 | X10: =W10/2 -> 7 | Y10: =(IFERROR(INDEX(January!$AL:$AL,MATCH($A10,January!$A:$A,0)),0)+IFERROR(INDEX(February!$AI:$AI,MATCH($A10,February!$A:$A,0)),0)+IFERROR(INDEX(March!$AL:$AL,MATCH($A10,March!$A:$A,0)),0)+IFERROR(INDEX(April!$AK:$AK,MATCH($A10,April!$A:$A,0)),0)+IFERROR(INDEX(May!$AL:$AL,MATCH($A10,May!$A:$A,0)),0)+IFERROR(INDEX(June!$AK:$AK,MATCH($A10,June!$A:$A,0)),0)+IFERROR(INDEX(July!$AL:$AL,MATCH($A10,July!$A:$A,0)),0)+IFERROR(INDEX(August!$AL:$AL,MATCH($A10,August!$A:$A,0)),0)+IFERROR(INDEX(September!$AK:$AK,MATCH($A10,September!$A:$A,0)),0)+IFERROR(INDEX(October!$AL:$AL,MATCH($A10,October!$A:$A,0)),0)+IFERROR(INDEX(November!$AK:$AK,MATCH($A10,November!$A:$A,0)),0)+IFERROR(INDEX(December!$AL:$AL,MATCH($A10,December!$A:$A,0)),0))*0.5 -> 11.5 | Z10: =IFERROR(INDEX(January!$AK:$AK,MATCH($A10,January!$A:$A,0)),0)+IFERROR(INDEX(February!$AH:$AH,MATCH($A10,February!$A:$A,0)),0)+IFERROR(INDEX(March!$AK:$AK,MATCH($A10,March!$A:$A,0)),0)+IFERROR(INDEX(April!$AJ:$AJ,MATCH($A10,April!$A:$A,0)),0)+IFERROR(INDEX(May!$AK:$AK,MATCH($A10,May!$A:$A,0)),0)+IFERROR(INDEX(June!$AJ:$AJ,MATCH($A10,June!$A:$A,0)),0)+IFERROR(INDEX(July!$AK:$AK,MATCH($A10,July!$A:$A,0)),0)+IFERROR(INDEX(August!$AK:$AK,MATCH($A10,August!$A:$A,0)),0)+IFERROR(INDEX(September!$AJ:$AJ,MATCH($A10,September!$A:$A,0)),0)+IFERROR(INDEX(October!$AK:$AK,MATCH($A10,October!$A:$A,0)),0)+IFERROR(INDEX(November!$AJ:$AJ,MATCH($A10,November!$A:$A,0)),0)+IFERROR(INDEX(December!$AK:$AK,MATCH($A10,December!$A:$A,0)),0) -> 21 | AA10: =Y10+Z10 -> 32.5 | AB10: 17 | AC10: =AA10+IF(AB10="",0,AB10) -> 49.5 | AE10: =AC10-IF(AD10="",0,AD10) -> 49.5
A11: 251 | B11: UKWISHAKA JEAN AIME | C11: ADMN | D11: 24 | E11: 21 | F11: 25 | G11: 26 | H11: 4 | I11: 22 | J11: 25 | K11: 27 | L11: 28 | M11: 12 | N11: 21 | O11: 5 | P11: =IFERROR(INDEX(January!$AI:$AI,MATCH($A11,January!$A:$A,0)),0)+IFERROR(INDEX(February!$AF:$AF,MATCH($A11,February!$A:$A,0)),0)+IFERROR(INDEX(March!$AI:$AI,MATCH($A11,March!$A:$A,0)),0)+IFERROR(INDEX(April!$AH:$AH,MATCH($A11,April!$A:$A,0)),0)+IFERROR(INDEX(May!$AI:$AI,MATCH($A11,May!$A:$A,0)),0)+IFERROR(INDEX(June!$AH:$AH,MATCH($A11,June!$A:$A,0)),0)+IFERROR(INDEX(July!$AI:$AI,MATCH($A11,July!$A:$A,0)),0)+IFERROR(INDEX(August!$AI:$AI,MATCH($A11,August!$A:$A,0)),0)+IFERROR(INDEX(September!$AH:$AH,MATCH($A11,September!$A:$A,0)),0)+IFERROR(INDEX(October!$AI:$AI,MATCH($A11,October!$A:$A,0)),0)+IFERROR(INDEX(November!$AH:$AH,MATCH($A11,November!$A:$A,0)),0)+IFERROR(INDEX(December!$AI:$AI,MATCH($A11,December!$A:$A,0)),0) -> 189 | Q11: =IFERROR(INDEX(January!$AJ:$AJ,MATCH($A11,January!$A:$A,0)),0)+IFERROR(INDEX(February!$AG:$AG,MATCH($A11,February!$A:$A,0)),0)+IFERROR(INDEX(March!$AJ:$AJ,MATCH($A11,March!$A:$A,0)),0)+IFERROR(INDEX(April!$AI:$AI,MATCH($A11,April!$A:$A,0)),0)+IFERROR(INDEX(May!$AJ:$AJ,MATCH($A11,May!$A:$A,0)),0)+IFERROR(INDEX(June!$AI:$AI,MATCH($A11,June!$A:$A,0)),0)+IFERROR(INDEX(July!$AJ:$AJ,MATCH($A11,July!$A:$A,0)),0)+IFERROR(INDEX(August!$AJ:$AJ,MATCH($A11,August!$A:$A,0)),0)+IFERROR(INDEX(September!$AI:$AI,MATCH($A11,September!$A:$A,0)),0)+IFERROR(INDEX(October!$AJ:$AJ,MATCH($A11,October!$A:$A,0)),0)+IFERROR(INDEX(November!$AI:$AI,MATCH($A11,November!$A:$A,0)),0)+IFERROR(INDEX(December!$AJ:$AJ,MATCH($A11,December!$A:$A,0)),0) -> 72 | R11: =IFERROR(INDEX(January!$AK:$AK,MATCH($A11,January!$A:$A,0)),0)+IFERROR(INDEX(February!$AH:$AH,MATCH($A11,February!$A:$A,0)),0)+IFERROR(INDEX(March!$AK:$AK,MATCH($A11,March!$A:$A,0)),0)+IFERROR(INDEX(April!$AJ:$AJ,MATCH($A11,April!$A:$A,0)),0)+IFERROR(INDEX(May!$AK:$AK,MATCH($A11,May!$A:$A,0)),0)+IFERROR(INDEX(June!$AJ:$AJ,MATCH($A11,June!$A:$A,0)),0)+IFERROR(INDEX(July!$AK:$AK,MATCH($A11,July!$A:$A,0)),0)+IFERROR(INDEX(August!$AK:$AK,MATCH($A11,August!$A:$A,0)),0)+IFERROR(INDEX(September!$AJ:$AJ,MATCH($A11,September!$A:$A,0)),0)+IFERROR(INDEX(October!$AK:$AK,MATCH($A11,October!$A:$A,0)),0)+IFERROR(INDEX(November!$AJ:$AJ,MATCH($A11,November!$A:$A,0)),0)+IFERROR(INDEX(December!$AK:$AK,MATCH($A11,December!$A:$A,0)),0) -> 25 | S11: =IF((P11+Q11)=0,"",P11/(P11+Q11)) -> 0.72413793 | U11: =IFERROR(INDEX(January!$AQ:$AQ,MATCH($A11,January!$A:$A,0)),0)+IFERROR(INDEX(February!$AN:$AN,MATCH($A11,February!$A:$A,0)),0)+IFERROR(INDEX(March!$AQ:$AQ,MATCH($A11,March!$A:$A,0)),0)+IFERROR(INDEX(April!$AP:$AP,MATCH($A11,April!$A:$A,0)),0)+IFERROR(INDEX(May!$AQ:$AQ,MATCH($A11,May!$A:$A,0)),0)+IFERROR(INDEX(June!$AP:$AP,MATCH($A11,June!$A:$A,0)),0)+IFERROR(INDEX(July!$AQ:$AQ,MATCH($A11,July!$A:$A,0)),0)+IFERROR(INDEX(August!$AQ:$AQ,MATCH($A11,August!$A:$A,0)),0)+IFERROR(INDEX(September!$AP:$AP,MATCH($A11,September!$A:$A,0)),0)+IFERROR(INDEX(October!$AQ:$AQ,MATCH($A11,October!$A:$A,0)),0)+IFERROR(INDEX(November!$AP:$AP,MATCH($A11,November!$A:$A,0)),0)+IFERROR(INDEX(December!$AQ:$AQ,MATCH($A11,December!$A:$A,0)),0) -> 221 | V11: =IFERROR(INDEX(January!$AJ:$AJ,MATCH($A11,January!$A:$A,0)),0)+IFERROR(INDEX(February!$AG:$AG,MATCH($A11,February!$A:$A,0)),0)+IFERROR(INDEX(March!$AJ:$AJ,MATCH($A11,March!$A:$A,0)),0)+IFERROR(INDEX(April!$AI:$AI,MATCH($A11,April!$A:$A,0)),0)+IFERROR(INDEX(May!$AJ:$AJ,MATCH($A11,May!$A:$A,0)),0)+IFERROR(INDEX(June!$AI:$AI,MATCH($A11,June!$A:$A,0)),0)+IFERROR(INDEX(July!$AJ:$AJ,MATCH($A11,July!$A:$A,0)),0)+IFERROR(INDEX(August!$AJ:$AJ,MATCH($A11,August!$A:$A,0)),0)+IFERROR(INDEX(September!$AI:$AI,MATCH($A11,September!$A:$A,0)),0)+IFERROR(INDEX(October!$AJ:$AJ,MATCH($A11,October!$A:$A,0)),0)+IFERROR(INDEX(November!$AI:$AI,MATCH($A11,November!$A:$A,0)),0)+IFERROR(INDEX(December!$AJ:$AJ,MATCH($A11,December!$A:$A,0)),0) -> 72 | W11: =IFERROR(INDEX(January!$AO:$AO,MATCH($A11,January!$A:$A,0)),0)+IFERROR(INDEX(February!$AL:$AL,MATCH($A11,February!$A:$A,0)),0)+IFERROR(INDEX(March!$AO:$AO,MATCH($A11,March!$A:$A,0)),0)+IFERROR(INDEX(April!$AN:$AN,MATCH($A11,April!$A:$A,0)),0)+IFERROR(INDEX(May!$AO:$AO,MATCH($A11,May!$A:$A,0)),0)+IFERROR(INDEX(June!$AN:$AN,MATCH($A11,June!$A:$A,0)),0)+IFERROR(INDEX(July!$AO:$AO,MATCH($A11,July!$A:$A,0)),0)+IFERROR(INDEX(August!$AO:$AO,MATCH($A11,August!$A:$A,0)),0)+IFERROR(INDEX(September!$AN:$AN,MATCH($A11,September!$A:$A,0)),0)+IFERROR(INDEX(October!$AO:$AO,MATCH($A11,October!$A:$A,0)),0)+IFERROR(INDEX(November!$AN:$AN,MATCH($A11,November!$A:$A,0)),0)+IFERROR(INDEX(December!$AO:$AO,MATCH($A11,December!$A:$A,0)),0) -> 12 | X11: =W11/2 -> 6 | Y11: =(IFERROR(INDEX(January!$AL:$AL,MATCH($A11,January!$A:$A,0)),0)+IFERROR(INDEX(February!$AI:$AI,MATCH($A11,February!$A:$A,0)),0)+IFERROR(INDEX(March!$AL:$AL,MATCH($A11,March!$A:$A,0)),0)+IFERROR(INDEX(April!$AK:$AK,MATCH($A11,April!$A:$A,0)),0)+IFERROR(INDEX(May!$AL:$AL,MATCH($A11,May!$A:$A,0)),0)+IFERROR(INDEX(June!$AK:$AK,MATCH($A11,June!$A:$A,0)),0)+IFERROR(INDEX(July!$AL:$AL,MATCH($A11,July!$A:$A,0)),0)+IFERROR(INDEX(August!$AL:$AL,MATCH($A11,August!$A:$A,0)),0)+IFERROR(INDEX(September!$AK:$AK,MATCH($A11,September!$A:$A,0)),0)+IFERROR(INDEX(October!$AL:$AL,MATCH($A11,October!$A:$A,0)),0)+IFERROR(INDEX(November!$AK:$AK,MATCH($A11,November!$A:$A,0)),0)+IFERROR(INDEX(December!$AL:$AL,MATCH($A11,December!$A:$A,0)),0))*0.5 -> 13 | Z11: =IFERROR(INDEX(January!$AK:$AK,MATCH($A11,January!$A:$A,0)),0)+IFERROR(INDEX(February!$AH:$AH,MATCH($A11,February!$A:$A,0)),0)+IFERROR(INDEX(March!$AK:$AK,MATCH($A11,March!$A:$A,0)),0)+IFERROR(INDEX(April!$AJ:$AJ,MATCH($A11,April!$A:$A,0)),0)+IFERROR(INDEX(May!$AK:$AK,MATCH($A11,May!$A:$A,0)),0)+IFERROR(INDEX(June!$AJ:$AJ,MATCH($A11,June!$A:$A,0)),0)+IFERROR(INDEX(July!$AK:$AK,MATCH($A11,July!$A:$A,0)),0)+IFERROR(INDEX(August!$AK:$AK,MATCH($A11,August!$A:$A,0)),0)+IFERROR(INDEX(September!$AJ:$AJ,MATCH($A11,September!$A:$A,0)),0)+IFERROR(INDEX(October!$AK:$AK,MATCH($A11,October!$A:$A,0)),0)+IFERROR(INDEX(November!$AJ:$AJ,MATCH($A11,November!$A:$A,0)),0)+IFERROR(INDEX(December!$AK:$AK,MATCH($A11,December!$A:$A,0)),0) -> 25 | AA11: =Y11+Z11 -> 38 | AB11: 17 | AC11: =AA11+IF(AB11="",0,AB11) -> 55 | AE11: =AC11-IF(AD11="",0,AD11) -> 55
A12: 272 | B12: Nzabamwita.Pascal | C12: ADMN | D12: 21 | E12: 21 | F12: 23 | G12: 15 | H12: 13 | I12: 21 | J12: 21 | K12: 22 | L12: 24 | M12: 24 | N12: 23 | O12: 15 | P12: =IFERROR(INDEX(January!$AI:$AI,MATCH($A12,January!$A:$A,0)),0)+IFERROR(INDEX(February!$AF:$AF,MATCH($A12,February!$A:$A,0)),0)+IFERROR(INDEX(March!$AI:$AI,MATCH($A12,March!$A:$A,0)),0)+IFERROR(INDEX(April!$AH:$AH,MATCH($A12,April!$A:$A,0)),0)+IFERROR(INDEX(May!$AI:$AI,MATCH($A12,May!$A:$A,0)),0)+IFERROR(INDEX(June!$AH:$AH,MATCH($A12,June!$A:$A,0)),0)+IFERROR(INDEX(July!$AI:$AI,MATCH($A12,July!$A:$A,0)),0)+IFERROR(INDEX(August!$AI:$AI,MATCH($A12,August!$A:$A,0)),0)+IFERROR(INDEX(September!$AH:$AH,MATCH($A12,September!$A:$A,0)),0)+IFERROR(INDEX(October!$AI:$AI,MATCH($A12,October!$A:$A,0)),0)+IFERROR(INDEX(November!$AH:$AH,MATCH($A12,November!$A:$A,0)),0)+IFERROR(INDEX(December!$AI:$AI,MATCH($A12,December!$A:$A,0)),0) -> 218 | Q12: =IFERROR(INDEX(January!$AJ:$AJ,MATCH($A12,January!$A:$A,0)),0)+IFERROR(INDEX(February!$AG:$AG,MATCH($A12,February!$A:$A,0)),0)+IFERROR(INDEX(March!$AJ:$AJ,MATCH($A12,March!$A:$A,0)),0)+IFERROR(INDEX(April!$AI:$AI,MATCH($A12,April!$A:$A,0)),0)+IFERROR(INDEX(May!$AJ:$AJ,MATCH($A12,May!$A:$A,0)),0)+IFERROR(INDEX(June!$AI:$AI,MATCH($A12,June!$A:$A,0)),0)+IFERROR(INDEX(July!$AJ:$AJ,MATCH($A12,July!$A:$A,0)),0)+IFERROR(INDEX(August!$AJ:$AJ,MATCH($A12,August!$A:$A,0)),0)+IFERROR(INDEX(September!$AI:$AI,MATCH($A12,September!$A:$A,0)),0)+IFERROR(INDEX(October!$AJ:$AJ,MATCH($A12,October!$A:$A,0)),0)+IFERROR(INDEX(November!$AI:$AI,MATCH($A12,November!$A:$A,0)),0)+IFERROR(INDEX(December!$AJ:$AJ,MATCH($A12,December!$A:$A,0)),0) -> 43 | R12: =IFERROR(INDEX(January!$AK:$AK,MATCH($A12,January!$A:$A,0)),0)+IFERROR(INDEX(February!$AH:$AH,MATCH($A12,February!$A:$A,0)),0)+IFERROR(INDEX(March!$AK:$AK,MATCH($A12,March!$A:$A,0)),0)+IFERROR(INDEX(April!$AJ:$AJ,MATCH($A12,April!$A:$A,0)),0)+IFERROR(INDEX(May!$AK:$AK,MATCH($A12,May!$A:$A,0)),0)+IFERROR(INDEX(June!$AJ:$AJ,MATCH($A12,June!$A:$A,0)),0)+IFERROR(INDEX(July!$AK:$AK,MATCH($A12,July!$A:$A,0)),0)+IFERROR(INDEX(August!$AK:$AK,MATCH($A12,August!$A:$A,0)),0)+IFERROR(INDEX(September!$AJ:$AJ,MATCH($A12,September!$A:$A,0)),0)+IFERROR(INDEX(October!$AK:$AK,MATCH($A12,October!$A:$A,0)),0)+IFERROR(INDEX(November!$AJ:$AJ,MATCH($A12,November!$A:$A,0)),0)+IFERROR(INDEX(December!$AK:$AK,MATCH($A12,December!$A:$A,0)),0) -> 3 | S12: =IF((P12+Q12)=0,"",P12/(P12+Q12)) -> 0.83524904 | U12: =IFERROR(INDEX(January!$AQ:$AQ,MATCH($A12,January!$A:$A,0)),0)+IFERROR(INDEX(February!$AN:$AN,MATCH($A12,February!$A:$A,0)),0)+IFERROR(INDEX(March!$AQ:$AQ,MATCH($A12,March!$A:$A,0)),0)+IFERROR(INDEX(April!$AP:$AP,MATCH($A12,April!$A:$A,0)),0)+IFERROR(INDEX(May!$AQ:$AQ,MATCH($A12,May!$A:$A,0)),0)+IFERROR(INDEX(June!$AP:$AP,MATCH($A12,June!$A:$A,0)),0)+IFERROR(INDEX(July!$AQ:$AQ,MATCH($A12,July!$A:$A,0)),0)+IFERROR(INDEX(August!$AQ:$AQ,MATCH($A12,August!$A:$A,0)),0)+IFERROR(INDEX(September!$AP:$AP,MATCH($A12,September!$A:$A,0)),0)+IFERROR(INDEX(October!$AQ:$AQ,MATCH($A12,October!$A:$A,0)),0)+IFERROR(INDEX(November!$AP:$AP,MATCH($A12,November!$A:$A,0)),0)+IFERROR(INDEX(December!$AQ:$AQ,MATCH($A12,December!$A:$A,0)),0) -> 223 | V12: =IFERROR(INDEX(January!$AJ:$AJ,MATCH($A12,January!$A:$A,0)),0)+IFERROR(INDEX(February!$AG:$AG,MATCH($A12,February!$A:$A,0)),0)+IFERROR(INDEX(March!$AJ:$AJ,MATCH($A12,March!$A:$A,0)),0)+IFERROR(INDEX(April!$AI:$AI,MATCH($A12,April!$A:$A,0)),0)+IFERROR(INDEX(May!$AJ:$AJ,MATCH($A12,May!$A:$A,0)),0)+IFERROR(INDEX(June!$AI:$AI,MATCH($A12,June!$A:$A,0)),0)+IFERROR(INDEX(July!$AJ:$AJ,MATCH($A12,July!$A:$A,0)),0)+IFERROR(INDEX(August!$AJ:$AJ,MATCH($A12,August!$A:$A,0)),0)+IFERROR(INDEX(September!$AI:$AI,MATCH($A12,September!$A:$A,0)),0)+IFERROR(INDEX(October!$AJ:$AJ,MATCH($A12,October!$A:$A,0)),0)+IFERROR(INDEX(November!$AI:$AI,MATCH($A12,November!$A:$A,0)),0)+IFERROR(INDEX(December!$AJ:$AJ,MATCH($A12,December!$A:$A,0)),0) -> 43 | W12: =IFERROR(INDEX(January!$AO:$AO,MATCH($A12,January!$A:$A,0)),0)+IFERROR(INDEX(February!$AL:$AL,MATCH($A12,February!$A:$A,0)),0)+IFERROR(INDEX(March!$AO:$AO,MATCH($A12,March!$A:$A,0)),0)+IFERROR(INDEX(April!$AN:$AN,MATCH($A12,April!$A:$A,0)),0)+IFERROR(INDEX(May!$AO:$AO,MATCH($A12,May!$A:$A,0)),0)+IFERROR(INDEX(June!$AN:$AN,MATCH($A12,June!$A:$A,0)),0)+IFERROR(INDEX(July!$AO:$AO,MATCH($A12,July!$A:$A,0)),0)+IFERROR(INDEX(August!$AO:$AO,MATCH($A12,August!$A:$A,0)),0)+IFERROR(INDEX(September!$AN:$AN,MATCH($A12,September!$A:$A,0)),0)+IFERROR(INDEX(October!$AO:$AO,MATCH($A12,October!$A:$A,0)),0)+IFERROR(INDEX(November!$AN:$AN,MATCH($A12,November!$A:$A,0)),0)+IFERROR(INDEX(December!$AO:$AO,MATCH($A12,December!$A:$A,0)),0) -> 18 | X12: =W12/2 -> 9 | Y12: =(IFERROR(INDEX(January!$AL:$AL,MATCH($A12,January!$A:$A,0)),0)+IFERROR(INDEX(February!$AI:$AI,MATCH($A12,February!$A:$A,0)),0)+IFERROR(INDEX(March!$AL:$AL,MATCH($A12,March!$A:$A,0)),0)+IFERROR(INDEX(April!$AK:$AK,MATCH($A12,April!$A:$A,0)),0)+IFERROR(INDEX(May!$AL:$AL,MATCH($A12,May!$A:$A,0)),0)+IFERROR(INDEX(June!$AK:$AK,MATCH($A12,June!$A:$A,0)),0)+IFERROR(INDEX(July!$AL:$AL,MATCH($A12,July!$A:$A,0)),0)+IFERROR(INDEX(August!$AL:$AL,MATCH($A12,August!$A:$A,0)),0)+IFERROR(INDEX(September!$AK:$AK,MATCH($A12,September!$A:$A,0)),0)+IFERROR(INDEX(October!$AL:$AL,MATCH($A12,October!$A:$A,0)),0)+IFERROR(INDEX(November!$AK:$AK,MATCH($A12,November!$A:$A,0)),0)+IFERROR(INDEX(December!$AL:$AL,MATCH($A12,December!$A:$A,0)),0))*0.5 -> 11 | Z12: =IFERROR(INDEX(January!$AK:$AK,MATCH($A12,January!$A:$A,0)),0)+IFERROR(INDEX(February!$AH:$AH,MATCH($A12,February!$A:$A,0)),0)+IFERROR(INDEX(March!$AK:$AK,MATCH($A12,March!$A:$A,0)),0)+IFERROR(INDEX(April!$AJ:$AJ,MATCH($A12,April!$A:$A,0)),0)+IFERROR(INDEX(May!$AK:$AK,MATCH($A12,May!$A:$A,0)),0)+IFERROR(INDEX(June!$AJ:$AJ,MATCH($A12,June!$A:$A,0)),0)+IFERROR(INDEX(July!$AK:$AK,MATCH($A12,July!$A:$A,0)),0)+IFERROR(INDEX(August!$AK:$AK,MATCH($A12,August!$A:$A,0)),0)+IFERROR(INDEX(September!$AJ:$AJ,MATCH($A12,September!$A:$A,0)),0)+IFERROR(INDEX(October!$AK:$AK,MATCH($A12,October!$A:$A,0)),0)+IFERROR(INDEX(November!$AJ:$AJ,MATCH($A12,November!$A:$A,0)),0)+IFERROR(INDEX(December!$AK:$AK,MATCH($A12,December!$A:$A,0)),0) -> 3 | AA12: =Y12+Z12 -> 14 | AB12: 17 | AC12: =AA12+IF(AB12="",0,AB12) -> 31 | AE12: =AC12-IF(AD12="",0,AD12) -> 31
A13: 276 | B13: Tuyisabe.Jean.Damascene | C13: ADMN | D13: 27 | E13: 21 | F13: 24 | G13: 6 | H13: 9 | I13: 21 | J13: 25 | K13: 19 | L13: 26 | M13: 11 | N13: 9 | O13: 11 | P13: =IFERROR(INDEX(January!$AI:$AI,MATCH($A13,January!$A:$A,0)),0)+IFERROR(INDEX(February!$AF:$AF,MATCH($A13,February!$A:$A,0)),0)+IFERROR(INDEX(March!$AI:$AI,MATCH($A13,March!$A:$A,0)),0)+IFERROR(INDEX(April!$AH:$AH,MATCH($A13,April!$A:$A,0)),0)+IFERROR(INDEX(May!$AI:$AI,MATCH($A13,May!$A:$A,0)),0)+IFERROR(INDEX(June!$AH:$AH,MATCH($A13,June!$A:$A,0)),0)+IFERROR(INDEX(July!$AI:$AI,MATCH($A13,July!$A:$A,0)),0)+IFERROR(INDEX(August!$AI:$AI,MATCH($A13,August!$A:$A,0)),0)+IFERROR(INDEX(September!$AH:$AH,MATCH($A13,September!$A:$A,0)),0)+IFERROR(INDEX(October!$AI:$AI,MATCH($A13,October!$A:$A,0)),0)+IFERROR(INDEX(November!$AH:$AH,MATCH($A13,November!$A:$A,0)),0)+IFERROR(INDEX(December!$AI:$AI,MATCH($A13,December!$A:$A,0)),0) -> 171 | Q13: =IFERROR(INDEX(January!$AJ:$AJ,MATCH($A13,January!$A:$A,0)),0)+IFERROR(INDEX(February!$AG:$AG,MATCH($A13,February!$A:$A,0)),0)+IFERROR(INDEX(March!$AJ:$AJ,MATCH($A13,March!$A:$A,0)),0)+IFERROR(INDEX(April!$AI:$AI,MATCH($A13,April!$A:$A,0)),0)+IFERROR(INDEX(May!$AJ:$AJ,MATCH($A13,May!$A:$A,0)),0)+IFERROR(INDEX(June!$AI:$AI,MATCH($A13,June!$A:$A,0)),0)+IFERROR(INDEX(July!$AJ:$AJ,MATCH($A13,July!$A:$A,0)),0)+IFERROR(INDEX(August!$AJ:$AJ,MATCH($A13,August!$A:$A,0)),0)+IFERROR(INDEX(September!$AI:$AI,MATCH($A13,September!$A:$A,0)),0)+IFERROR(INDEX(October!$AJ:$AJ,MATCH($A13,October!$A:$A,0)),0)+IFERROR(INDEX(November!$AI:$AI,MATCH($A13,November!$A:$A,0)),0)+IFERROR(INDEX(December!$AJ:$AJ,MATCH($A13,December!$A:$A,0)),0) -> 90 | R13: =IFERROR(INDEX(January!$AK:$AK,MATCH($A13,January!$A:$A,0)),0)+IFERROR(INDEX(February!$AH:$AH,MATCH($A13,February!$A:$A,0)),0)+IFERROR(INDEX(March!$AK:$AK,MATCH($A13,March!$A:$A,0)),0)+IFERROR(INDEX(April!$AJ:$AJ,MATCH($A13,April!$A:$A,0)),0)+IFERROR(INDEX(May!$AK:$AK,MATCH($A13,May!$A:$A,0)),0)+IFERROR(INDEX(June!$AJ:$AJ,MATCH($A13,June!$A:$A,0)),0)+IFERROR(INDEX(July!$AK:$AK,MATCH($A13,July!$A:$A,0)),0)+IFERROR(INDEX(August!$AK:$AK,MATCH($A13,August!$A:$A,0)),0)+IFERROR(INDEX(September!$AJ:$AJ,MATCH($A13,September!$A:$A,0)),0)+IFERROR(INDEX(October!$AK:$AK,MATCH($A13,October!$A:$A,0)),0)+IFERROR(INDEX(November!$AJ:$AJ,MATCH($A13,November!$A:$A,0)),0)+IFERROR(INDEX(December!$AK:$AK,MATCH($A13,December!$A:$A,0)),0) -> 19 | S13: =IF((P13+Q13)=0,"",P13/(P13+Q13)) -> 0.65517241 | U13: =IFERROR(INDEX(January!$AQ:$AQ,MATCH($A13,January!$A:$A,0)),0)+IFERROR(INDEX(February!$AN:$AN,MATCH($A13,February!$A:$A,0)),0)+IFERROR(INDEX(March!$AQ:$AQ,MATCH($A13,March!$A:$A,0)),0)+IFERROR(INDEX(April!$AP:$AP,MATCH($A13,April!$A:$A,0)),0)+IFERROR(INDEX(May!$AQ:$AQ,MATCH($A13,May!$A:$A,0)),0)+IFERROR(INDEX(June!$AP:$AP,MATCH($A13,June!$A:$A,0)),0)+IFERROR(INDEX(July!$AQ:$AQ,MATCH($A13,July!$A:$A,0)),0)+IFERROR(INDEX(August!$AQ:$AQ,MATCH($A13,August!$A:$A,0)),0)+IFERROR(INDEX(September!$AP:$AP,MATCH($A13,September!$A:$A,0)),0)+IFERROR(INDEX(October!$AQ:$AQ,MATCH($A13,October!$A:$A,0)),0)+IFERROR(INDEX(November!$AP:$AP,MATCH($A13,November!$A:$A,0)),0)+IFERROR(INDEX(December!$AQ:$AQ,MATCH($A13,December!$A:$A,0)),0) -> 192 | V13: =IFERROR(INDEX(January!$AJ:$AJ,MATCH($A13,January!$A:$A,0)),0)+IFERROR(INDEX(February!$AG:$AG,MATCH($A13,February!$A:$A,0)),0)+IFERROR(INDEX(March!$AJ:$AJ,MATCH($A13,March!$A:$A,0)),0)+IFERROR(INDEX(April!$AI:$AI,MATCH($A13,April!$A:$A,0)),0)+IFERROR(INDEX(May!$AJ:$AJ,MATCH($A13,May!$A:$A,0)),0)+IFERROR(INDEX(June!$AI:$AI,MATCH($A13,June!$A:$A,0)),0)+IFERROR(INDEX(July!$AJ:$AJ,MATCH($A13,July!$A:$A,0)),0)+IFERROR(INDEX(August!$AJ:$AJ,MATCH($A13,August!$A:$A,0)),0)+IFERROR(INDEX(September!$AI:$AI,MATCH($A13,September!$A:$A,0)),0)+IFERROR(INDEX(October!$AJ:$AJ,MATCH($A13,October!$A:$A,0)),0)+IFERROR(INDEX(November!$AI:$AI,MATCH($A13,November!$A:$A,0)),0)+IFERROR(INDEX(December!$AJ:$AJ,MATCH($A13,December!$A:$A,0)),0) -> 90 | W13: =IFERROR(INDEX(January!$AO:$AO,MATCH($A13,January!$A:$A,0)),0)+IFERROR(INDEX(February!$AL:$AL,MATCH($A13,February!$A:$A,0)),0)+IFERROR(INDEX(March!$AO:$AO,MATCH($A13,March!$A:$A,0)),0)+IFERROR(INDEX(April!$AN:$AN,MATCH($A13,April!$A:$A,0)),0)+IFERROR(INDEX(May!$AO:$AO,MATCH($A13,May!$A:$A,0)),0)+IFERROR(INDEX(June!$AN:$AN,MATCH($A13,June!$A:$A,0)),0)+IFERROR(INDEX(July!$AO:$AO,MATCH($A13,July!$A:$A,0)),0)+IFERROR(INDEX(August!$AO:$AO,MATCH($A13,August!$A:$A,0)),0)+IFERROR(INDEX(September!$AN:$AN,MATCH($A13,September!$A:$A,0)),0)+IFERROR(INDEX(October!$AO:$AO,MATCH($A13,October!$A:$A,0)),0)+IFERROR(INDEX(November!$AN:$AN,MATCH($A13,November!$A:$A,0)),0)+IFERROR(INDEX(December!$AO:$AO,MATCH($A13,December!$A:$A,0)),0) -> 15 | X13: =W13/2 -> 7.5 | Y13: =(IFERROR(INDEX(January!$AL:$AL,MATCH($A13,January!$A:$A,0)),0)+IFERROR(INDEX(February!$AI:$AI,MATCH($A13,February!$A:$A,0)),0)+IFERROR(INDEX(March!$AL:$AL,MATCH($A13,March!$A:$A,0)),0)+IFERROR(INDEX(April!$AK:$AK,MATCH($A13,April!$A:$A,0)),0)+IFERROR(INDEX(May!$AL:$AL,MATCH($A13,May!$A:$A,0)),0)+IFERROR(INDEX(June!$AK:$AK,MATCH($A13,June!$A:$A,0)),0)+IFERROR(INDEX(July!$AL:$AL,MATCH($A13,July!$A:$A,0)),0)+IFERROR(INDEX(August!$AL:$AL,MATCH($A13,August!$A:$A,0)),0)+IFERROR(INDEX(September!$AK:$AK,MATCH($A13,September!$A:$A,0)),0)+IFERROR(INDEX(October!$AL:$AL,MATCH($A13,October!$A:$A,0)),0)+IFERROR(INDEX(November!$AK:$AK,MATCH($A13,November!$A:$A,0)),0)+IFERROR(INDEX(December!$AL:$AL,MATCH($A13,December!$A:$A,0)),0))*0.5 -> 9.5 | Z13: =IFERROR(INDEX(January!$AK:$AK,MATCH($A13,January!$A:$A,0)),0)+IFERROR(INDEX(February!$AH:$AH,MATCH($A13,February!$A:$A,0)),0)+IFERROR(INDEX(March!$AK:$AK,MATCH($A13,March!$A:$A,0)),0)+IFERROR(INDEX(April!$AJ:$AJ,MATCH($A13,April!$A:$A,0)),0)+IFERROR(INDEX(May!$AK:$AK,MATCH($A13,May!$A:$A,0)),0)+IFERROR(INDEX(June!$AJ:$AJ,MATCH($A13,June!$A:$A,0)),0)+IFERROR(INDEX(July!$AK:$AK,MATCH($A13,July!$A:$A,0)),0)+IFERROR(INDEX(August!$AK:$AK,MATCH($A13,August!$A:$A,0)),0)+IFERROR(INDEX(September!$AJ:$AJ,MATCH($A13,September!$A:$A,0)),0)+IFERROR(INDEX(October!$AK:$AK,MATCH($A13,October!$A:$A,0)),0)+IFERROR(INDEX(November!$AJ:$AJ,MATCH($A13,November!$A:$A,0)),0)+IFERROR(INDEX(December!$AK:$AK,MATCH($A13,December!$A:$A,0)),0) -> 19 | AA13: =Y13+Z13 -> 28.5 | AB13: 17 | AC13: =AA13+IF(AB13="",0,AB13) -> 45.5 | AE13: =AC13-IF(AD13="",0,AD13) -> 45.5
A14: 277 | B14: Ndandari.Blaise | C14: ADMN | D14: 29 | E14: 26 | F14: 24 | G14: 25 | H14: 25 | I14: 1 | J14: 18 | K14: 25 | L14: 26 | M14: 31 | N14: 24 | O14: 0 | P14: =IFERROR(INDEX(January!$AI:$AI,MATCH($A14,January!$A:$A,0)),0)+IFERROR(INDEX(February!$AF:$AF,MATCH($A14,February!$A:$A,0)),0)+IFERROR(INDEX(March!$AI:$AI,MATCH($A14,March!$A:$A,0)),0)+IFERROR(INDEX(April!$AH:$AH,MATCH($A14,April!$A:$A,0)),0)+IFERROR(INDEX(May!$AI:$AI,MATCH($A14,May!$A:$A,0)),0)+IFERROR(INDEX(June!$AH:$AH,MATCH($A14,June!$A:$A,0)),0)+IFERROR(INDEX(July!$AI:$AI,MATCH($A14,July!$A:$A,0)),0)+IFERROR(INDEX(August!$AI:$AI,MATCH($A14,August!$A:$A,0)),0)+IFERROR(INDEX(September!$AH:$AH,MATCH($A14,September!$A:$A,0)),0)+IFERROR(INDEX(October!$AI:$AI,MATCH($A14,October!$A:$A,0)),0)+IFERROR(INDEX(November!$AH:$AH,MATCH($A14,November!$A:$A,0)),0)+IFERROR(INDEX(December!$AI:$AI,MATCH($A14,December!$A:$A,0)),0) -> 198 | Q14: =IFERROR(INDEX(January!$AJ:$AJ,MATCH($A14,January!$A:$A,0)),0)+IFERROR(INDEX(February!$AG:$AG,MATCH($A14,February!$A:$A,0)),0)+IFERROR(INDEX(March!$AJ:$AJ,MATCH($A14,March!$A:$A,0)),0)+IFERROR(INDEX(April!$AI:$AI,MATCH($A14,April!$A:$A,0)),0)+IFERROR(INDEX(May!$AJ:$AJ,MATCH($A14,May!$A:$A,0)),0)+IFERROR(INDEX(June!$AI:$AI,MATCH($A14,June!$A:$A,0)),0)+IFERROR(INDEX(July!$AJ:$AJ,MATCH($A14,July!$A:$A,0)),0)+IFERROR(INDEX(August!$AJ:$AJ,MATCH($A14,August!$A:$A,0)),0)+IFERROR(INDEX(September!$AI:$AI,MATCH($A14,September!$A:$A,0)),0)+IFERROR(INDEX(October!$AJ:$AJ,MATCH($A14,October!$A:$A,0)),0)+IFERROR(INDEX(November!$AI:$AI,MATCH($A14,November!$A:$A,0)),0)+IFERROR(INDEX(December!$AJ:$AJ,MATCH($A14,December!$A:$A,0)),0) -> 63 | R14: =IFERROR(INDEX(January!$AK:$AK,MATCH($A14,January!$A:$A,0)),0)+IFERROR(INDEX(February!$AH:$AH,MATCH($A14,February!$A:$A,0)),0)+IFERROR(INDEX(March!$AK:$AK,MATCH($A14,March!$A:$A,0)),0)+IFERROR(INDEX(April!$AJ:$AJ,MATCH($A14,April!$A:$A,0)),0)+IFERROR(INDEX(May!$AK:$AK,MATCH($A14,May!$A:$A,0)),0)+IFERROR(INDEX(June!$AJ:$AJ,MATCH($A14,June!$A:$A,0)),0)+IFERROR(INDEX(July!$AK:$AK,MATCH($A14,July!$A:$A,0)),0)+IFERROR(INDEX(August!$AK:$AK,MATCH($A14,August!$A:$A,0)),0)+IFERROR(INDEX(September!$AJ:$AJ,MATCH($A14,September!$A:$A,0)),0)+IFERROR(INDEX(October!$AK:$AK,MATCH($A14,October!$A:$A,0)),0)+IFERROR(INDEX(November!$AJ:$AJ,MATCH($A14,November!$A:$A,0)),0)+IFERROR(INDEX(December!$AK:$AK,MATCH($A14,December!$A:$A,0)),0) -> 28 | S14: =IF((P14+Q14)=0,"",P14/(P14+Q14)) -> 0.75862069 | U14: =IFERROR(INDEX(January!$AQ:$AQ,MATCH($A14,January!$A:$A,0)),0)+IFERROR(INDEX(February!$AN:$AN,MATCH($A14,February!$A:$A,0)),0)+IFERROR(INDEX(March!$AQ:$AQ,MATCH($A14,March!$A:$A,0)),0)+IFERROR(INDEX(April!$AP:$AP,MATCH($A14,April!$A:$A,0)),0)+IFERROR(INDEX(May!$AQ:$AQ,MATCH($A14,May!$A:$A,0)),0)+IFERROR(INDEX(June!$AP:$AP,MATCH($A14,June!$A:$A,0)),0)+IFERROR(INDEX(July!$AQ:$AQ,MATCH($A14,July!$A:$A,0)),0)+IFERROR(INDEX(August!$AQ:$AQ,MATCH($A14,August!$A:$A,0)),0)+IFERROR(INDEX(September!$AP:$AP,MATCH($A14,September!$A:$A,0)),0)+IFERROR(INDEX(October!$AQ:$AQ,MATCH($A14,October!$A:$A,0)),0)+IFERROR(INDEX(November!$AP:$AP,MATCH($A14,November!$A:$A,0)),0)+IFERROR(INDEX(December!$AQ:$AQ,MATCH($A14,December!$A:$A,0)),0) -> 235.5 | V14: =IFERROR(INDEX(January!$AJ:$AJ,MATCH($A14,January!$A:$A,0)),0)+IFERROR(INDEX(February!$AG:$AG,MATCH($A14,February!$A:$A,0)),0)+IFERROR(INDEX(March!$AJ:$AJ,MATCH($A14,March!$A:$A,0)),0)+IFERROR(INDEX(April!$AI:$AI,MATCH($A14,April!$A:$A,0)),0)+IFERROR(INDEX(May!$AJ:$AJ,MATCH($A14,May!$A:$A,0)),0)+IFERROR(INDEX(June!$AI:$AI,MATCH($A14,June!$A:$A,0)),0)+IFERROR(INDEX(July!$AJ:$AJ,MATCH($A14,July!$A:$A,0)),0)+IFERROR(INDEX(August!$AJ:$AJ,MATCH($A14,August!$A:$A,0)),0)+IFERROR(INDEX(September!$AI:$AI,MATCH($A14,September!$A:$A,0)),0)+IFERROR(INDEX(October!$AJ:$AJ,MATCH($A14,October!$A:$A,0)),0)+IFERROR(INDEX(November!$AI:$AI,MATCH($A14,November!$A:$A,0)),0)+IFERROR(INDEX(December!$AJ:$AJ,MATCH($A14,December!$A:$A,0)),0) -> 63 | W14: =IFERROR(INDEX(January!$AO:$AO,MATCH($A14,January!$A:$A,0)),0)+IFERROR(INDEX(February!$AL:$AL,MATCH($A14,February!$A:$A,0)),0)+IFERROR(INDEX(March!$AO:$AO,MATCH($A14,March!$A:$A,0)),0)+IFERROR(INDEX(April!$AN:$AN,MATCH($A14,April!$A:$A,0)),0)+IFERROR(INDEX(May!$AO:$AO,MATCH($A14,May!$A:$A,0)),0)+IFERROR(INDEX(June!$AN:$AN,MATCH($A14,June!$A:$A,0)),0)+IFERROR(INDEX(July!$AO:$AO,MATCH($A14,July!$A:$A,0)),0)+IFERROR(INDEX(August!$AO:$AO,MATCH($A14,August!$A:$A,0)),0)+IFERROR(INDEX(September!$AN:$AN,MATCH($A14,September!$A:$A,0)),0)+IFERROR(INDEX(October!$AO:$AO,MATCH($A14,October!$A:$A,0)),0)+IFERROR(INDEX(November!$AN:$AN,MATCH($A14,November!$A:$A,0)),0)+IFERROR(INDEX(December!$AO:$AO,MATCH($A14,December!$A:$A,0)),0) -> 9 | X14: =W14/2 -> 4.5 | Y14: =(IFERROR(INDEX(January!$AL:$AL,MATCH($A14,January!$A:$A,0)),0)+IFERROR(INDEX(February!$AI:$AI,MATCH($A14,February!$A:$A,0)),0)+IFERROR(INDEX(March!$AL:$AL,MATCH($A14,March!$A:$A,0)),0)+IFERROR(INDEX(April!$AK:$AK,MATCH($A14,April!$A:$A,0)),0)+IFERROR(INDEX(May!$AL:$AL,MATCH($A14,May!$A:$A,0)),0)+IFERROR(INDEX(June!$AK:$AK,MATCH($A14,June!$A:$A,0)),0)+IFERROR(INDEX(July!$AL:$AL,MATCH($A14,July!$A:$A,0)),0)+IFERROR(INDEX(August!$AL:$AL,MATCH($A14,August!$A:$A,0)),0)+IFERROR(INDEX(September!$AK:$AK,MATCH($A14,September!$A:$A,0)),0)+IFERROR(INDEX(October!$AL:$AL,MATCH($A14,October!$A:$A,0)),0)+IFERROR(INDEX(November!$AK:$AK,MATCH($A14,November!$A:$A,0)),0)+IFERROR(INDEX(December!$AL:$AL,MATCH($A14,December!$A:$A,0)),0))*0.5 -> 14 | Z14: =IFERROR(INDEX(January!$AK:$AK,MATCH($A14,January!$A:$A,0)),0)+IFERROR(INDEX(February!$AH:$AH,MATCH($A14,February!$A:$A,0)),0)+IFERROR(INDEX(March!$AK:$AK,MATCH($A14,March!$A:$A,0)),0)+IFERROR(INDEX(April!$AJ:$AJ,MATCH($A14,April!$A:$A,0)),0)+IFERROR(INDEX(May!$AK:$AK,MATCH($A14,May!$A:$A,0)),0)+IFERROR(INDEX(June!$AJ:$AJ,MATCH($A14,June!$A:$A,0)),0)+IFERROR(INDEX(July!$AK:$AK,MATCH($A14,July!$A:$A,0)),0)+IFERROR(INDEX(August!$AK:$AK,MATCH($A14,August!$A:$A,0)),0)+IFERROR(INDEX(September!$AJ:$AJ,MATCH($A14,September!$A:$A,0)),0)+IFERROR(INDEX(October!$AK:$AK,MATCH($A14,October!$A:$A,0)),0)+IFERROR(INDEX(November!$AJ:$AJ,MATCH($A14,November!$A:$A,0)),0)+IFERROR(INDEX(December!$AK:$AK,MATCH($A14,December!$A:$A,0)),0) -> 28 | AA14: =Y14+Z14 -> 42 | AB14: 17 | AC14: =AA14+IF(AB14="",0,AB14) -> 59 | AE14: =AC14-IF(AD14="",0,AD14) -> 59
A15: 278 | B15: Ndayizeye.Pascal | C15: ADMN | D15: 19 | E15: 23 | F15: 27 | G15: 4 | H15: 25 | I15: 24 | J15: 11 | K15: 0 | L15: 28 | M15: 3 | N15: 21 | O15: 23 | P15: =IFERROR(INDEX(January!$AI:$AI,MATCH($A15,January!$A:$A,0)),0)+IFERROR(INDEX(February!$AF:$AF,MATCH($A15,February!$A:$A,0)),0)+IFERROR(INDEX(March!$AI:$AI,MATCH($A15,March!$A:$A,0)),0)+IFERROR(INDEX(April!$AH:$AH,MATCH($A15,April!$A:$A,0)),0)+IFERROR(INDEX(May!$AI:$AI,MATCH($A15,May!$A:$A,0)),0)+IFERROR(INDEX(June!$AH:$AH,MATCH($A15,June!$A:$A,0)),0)+IFERROR(INDEX(July!$AI:$AI,MATCH($A15,July!$A:$A,0)),0)+IFERROR(INDEX(August!$AI:$AI,MATCH($A15,August!$A:$A,0)),0)+IFERROR(INDEX(September!$AH:$AH,MATCH($A15,September!$A:$A,0)),0)+IFERROR(INDEX(October!$AI:$AI,MATCH($A15,October!$A:$A,0)),0)+IFERROR(INDEX(November!$AH:$AH,MATCH($A15,November!$A:$A,0)),0)+IFERROR(INDEX(December!$AI:$AI,MATCH($A15,December!$A:$A,0)),0) -> 166 | Q15: =IFERROR(INDEX(January!$AJ:$AJ,MATCH($A15,January!$A:$A,0)),0)+IFERROR(INDEX(February!$AG:$AG,MATCH($A15,February!$A:$A,0)),0)+IFERROR(INDEX(March!$AJ:$AJ,MATCH($A15,March!$A:$A,0)),0)+IFERROR(INDEX(April!$AI:$AI,MATCH($A15,April!$A:$A,0)),0)+IFERROR(INDEX(May!$AJ:$AJ,MATCH($A15,May!$A:$A,0)),0)+IFERROR(INDEX(June!$AI:$AI,MATCH($A15,June!$A:$A,0)),0)+IFERROR(INDEX(July!$AJ:$AJ,MATCH($A15,July!$A:$A,0)),0)+IFERROR(INDEX(August!$AJ:$AJ,MATCH($A15,August!$A:$A,0)),0)+IFERROR(INDEX(September!$AI:$AI,MATCH($A15,September!$A:$A,0)),0)+IFERROR(INDEX(October!$AJ:$AJ,MATCH($A15,October!$A:$A,0)),0)+IFERROR(INDEX(November!$AI:$AI,MATCH($A15,November!$A:$A,0)),0)+IFERROR(INDEX(December!$AJ:$AJ,MATCH($A15,December!$A:$A,0)),0) -> 95 | R15: =IFERROR(INDEX(January!$AK:$AK,MATCH($A15,January!$A:$A,0)),0)+IFERROR(INDEX(February!$AH:$AH,MATCH($A15,February!$A:$A,0)),0)+IFERROR(INDEX(March!$AK:$AK,MATCH($A15,March!$A:$A,0)),0)+IFERROR(INDEX(April!$AJ:$AJ,MATCH($A15,April!$A:$A,0)),0)+IFERROR(INDEX(May!$AK:$AK,MATCH($A15,May!$A:$A,0)),0)+IFERROR(INDEX(June!$AJ:$AJ,MATCH($A15,June!$A:$A,0)),0)+IFERROR(INDEX(July!$AK:$AK,MATCH($A15,July!$A:$A,0)),0)+IFERROR(INDEX(August!$AK:$AK,MATCH($A15,August!$A:$A,0)),0)+IFERROR(INDEX(September!$AJ:$AJ,MATCH($A15,September!$A:$A,0)),0)+IFERROR(INDEX(October!$AK:$AK,MATCH($A15,October!$A:$A,0)),0)+IFERROR(INDEX(November!$AJ:$AJ,MATCH($A15,November!$A:$A,0)),0)+IFERROR(INDEX(December!$AK:$AK,MATCH($A15,December!$A:$A,0)),0) -> 21 | S15: =IF((P15+Q15)=0,"",P15/(P15+Q15)) -> 0.63601533 | U15: =IFERROR(INDEX(January!$AQ:$AQ,MATCH($A15,January!$A:$A,0)),0)+IFERROR(INDEX(February!$AN:$AN,MATCH($A15,February!$A:$A,0)),0)+IFERROR(INDEX(March!$AQ:$AQ,MATCH($A15,March!$A:$A,0)),0)+IFERROR(INDEX(April!$AP:$AP,MATCH($A15,April!$A:$A,0)),0)+IFERROR(INDEX(May!$AQ:$AQ,MATCH($A15,May!$A:$A,0)),0)+IFERROR(INDEX(June!$AP:$AP,MATCH($A15,June!$A:$A,0)),0)+IFERROR(INDEX(July!$AQ:$AQ,MATCH($A15,July!$A:$A,0)),0)+IFERROR(INDEX(August!$AQ:$AQ,MATCH($A15,August!$A:$A,0)),0)+IFERROR(INDEX(September!$AP:$AP,MATCH($A15,September!$A:$A,0)),0)+IFERROR(INDEX(October!$AQ:$AQ,MATCH($A15,October!$A:$A,0)),0)+IFERROR(INDEX(November!$AP:$AP,MATCH($A15,November!$A:$A,0)),0)+IFERROR(INDEX(December!$AQ:$AQ,MATCH($A15,December!$A:$A,0)),0) -> 192.5 | V15: =IFERROR(INDEX(January!$AJ:$AJ,MATCH($A15,January!$A:$A,0)),0)+IFERROR(INDEX(February!$AG:$AG,MATCH($A15,February!$A:$A,0)),0)+IFERROR(INDEX(March!$AJ:$AJ,MATCH($A15,March!$A:$A,0)),0)+IFERROR(INDEX(April!$AI:$AI,MATCH($A15,April!$A:$A,0)),0)+IFERROR(INDEX(May!$AJ:$AJ,MATCH($A15,May!$A:$A,0)),0)+IFERROR(INDEX(June!$AI:$AI,MATCH($A15,June!$A:$A,0)),0)+IFERROR(INDEX(July!$AJ:$AJ,MATCH($A15,July!$A:$A,0)),0)+IFERROR(INDEX(August!$AJ:$AJ,MATCH($A15,August!$A:$A,0)),0)+IFERROR(INDEX(September!$AI:$AI,MATCH($A15,September!$A:$A,0)),0)+IFERROR(INDEX(October!$AJ:$AJ,MATCH($A15,October!$A:$A,0)),0)+IFERROR(INDEX(November!$AI:$AI,MATCH($A15,November!$A:$A,0)),0)+IFERROR(INDEX(December!$AJ:$AJ,MATCH($A15,December!$A:$A,0)),0) -> 95 | W15: =IFERROR(INDEX(January!$AO:$AO,MATCH($A15,January!$A:$A,0)),0)+IFERROR(INDEX(February!$AL:$AL,MATCH($A15,February!$A:$A,0)),0)+IFERROR(INDEX(March!$AO:$AO,MATCH($A15,March!$A:$A,0)),0)+IFERROR(INDEX(April!$AN:$AN,MATCH($A15,April!$A:$A,0)),0)+IFERROR(INDEX(May!$AO:$AO,MATCH($A15,May!$A:$A,0)),0)+IFERROR(INDEX(June!$AN:$AN,MATCH($A15,June!$A:$A,0)),0)+IFERROR(INDEX(July!$AO:$AO,MATCH($A15,July!$A:$A,0)),0)+IFERROR(INDEX(August!$AO:$AO,MATCH($A15,August!$A:$A,0)),0)+IFERROR(INDEX(September!$AN:$AN,MATCH($A15,September!$A:$A,0)),0)+IFERROR(INDEX(October!$AO:$AO,MATCH($A15,October!$A:$A,0)),0)+IFERROR(INDEX(November!$AN:$AN,MATCH($A15,November!$A:$A,0)),0)+IFERROR(INDEX(December!$AO:$AO,MATCH($A15,December!$A:$A,0)),0) -> 10 | X15: =W15/2 -> 5 | Y15: =(IFERROR(INDEX(January!$AL:$AL,MATCH($A15,January!$A:$A,0)),0)+IFERROR(INDEX(February!$AI:$AI,MATCH($A15,February!$A:$A,0)),0)+IFERROR(INDEX(March!$AL:$AL,MATCH($A15,March!$A:$A,0)),0)+IFERROR(INDEX(April!$AK:$AK,MATCH($A15,April!$A:$A,0)),0)+IFERROR(INDEX(May!$AL:$AL,MATCH($A15,May!$A:$A,0)),0)+IFERROR(INDEX(June!$AK:$AK,MATCH($A15,June!$A:$A,0)),0)+IFERROR(INDEX(July!$AL:$AL,MATCH($A15,July!$A:$A,0)),0)+IFERROR(INDEX(August!$AL:$AL,MATCH($A15,August!$A:$A,0)),0)+IFERROR(INDEX(September!$AK:$AK,MATCH($A15,September!$A:$A,0)),0)+IFERROR(INDEX(October!$AL:$AL,MATCH($A15,October!$A:$A,0)),0)+IFERROR(INDEX(November!$AK:$AK,MATCH($A15,November!$A:$A,0)),0)+IFERROR(INDEX(December!$AL:$AL,MATCH($A15,December!$A:$A,0)),0))*0.5 -> 10.5 | Z15: =IFERROR(INDEX(January!$AK:$AK,MATCH($A15,January!$A:$A,0)),0)+IFERROR(INDEX(February!$AH:$AH,MATCH($A15,February!$A:$A,0)),0)+IFERROR(INDEX(March!$AK:$AK,MATCH($A15,March!$A:$A,0)),0)+IFERROR(INDEX(April!$AJ:$AJ,MATCH($A15,April!$A:$A,0)),0)+IFERROR(INDEX(May!$AK:$AK,MATCH($A15,May!$A:$A,0)),0)+IFERROR(INDEX(June!$AJ:$AJ,MATCH($A15,June!$A:$A,0)),0)+IFERROR(INDEX(July!$AK:$AK,MATCH($A15,July!$A:$A,0)),0)+IFERROR(INDEX(August!$AK:$AK,MATCH($A15,August!$A:$A,0)),0)+IFERROR(INDEX(September!$AJ:$AJ,MATCH($A15,September!$A:$A,0)),0)+IFERROR(INDEX(October!$AK:$AK,MATCH($A15,October!$A:$A,0)),0)+IFERROR(INDEX(November!$AJ:$AJ,MATCH($A15,November!$A:$A,0)),0)+IFERROR(INDEX(December!$AK:$AK,MATCH($A15,December!$A:$A,0)),0) -> 21 | AA15: =Y15+Z15 -> 31.5 | AB15: 17 | AC15: =AA15+IF(AB15="",0,AB15) -> 48.5 | AE15: =AC15-IF(AD15="",0,AD15) -> 48.5
A16: 395 | B16: MBARUSHIMANA VEDASTE | C16: ADMN | D16: 3 | E16: 2 | F16: 3 | G16: 6 | H16: 0 | I16: 6 | J16: 12 | K16: 9 | L16: 20 | M16: 13 | N16: 5 | O16: 20 | P16: =IFERROR(INDEX(January!$AI:$AI,MATCH($A16,January!$A:$A,0)),0)+IFERROR(INDEX(February!$AF:$AF,MATCH($A16,February!$A:$A,0)),0)+IFERROR(INDEX(March!$AI:$AI,MATCH($A16,March!$A:$A,0)),0)+IFERROR(INDEX(April!$AH:$AH,MATCH($A16,April!$A:$A,0)),0)+IFERROR(INDEX(May!$AI:$AI,MATCH($A16,May!$A:$A,0)),0)+IFERROR(INDEX(June!$AH:$AH,MATCH($A16,June!$A:$A,0)),0)+IFERROR(INDEX(July!$AI:$AI,MATCH($A16,July!$A:$A,0)),0)+IFERROR(INDEX(August!$AI:$AI,MATCH($A16,August!$A:$A,0)),0)+IFERROR(INDEX(September!$AH:$AH,MATCH($A16,September!$A:$A,0)),0)+IFERROR(INDEX(October!$AI:$AI,MATCH($A16,October!$A:$A,0)),0)+IFERROR(INDEX(November!$AH:$AH,MATCH($A16,November!$A:$A,0)),0)+IFERROR(INDEX(December!$AI:$AI,MATCH($A16,December!$A:$A,0)),0) -> 80 | Q16: =IFERROR(INDEX(January!$AJ:$AJ,MATCH($A16,January!$A:$A,0)),0)+IFERROR(INDEX(February!$AG:$AG,MATCH($A16,February!$A:$A,0)),0)+IFERROR(INDEX(March!$AJ:$AJ,MATCH($A16,March!$A:$A,0)),0)+IFERROR(INDEX(April!$AI:$AI,MATCH($A16,April!$A:$A,0)),0)+IFERROR(INDEX(May!$AJ:$AJ,MATCH($A16,May!$A:$A,0)),0)+IFERROR(INDEX(June!$AI:$AI,MATCH($A16,June!$A:$A,0)),0)+IFERROR(INDEX(July!$AJ:$AJ,MATCH($A16,July!$A:$A,0)),0)+IFERROR(INDEX(August!$AJ:$AJ,MATCH($A16,August!$A:$A,0)),0)+IFERROR(INDEX(September!$AI:$AI,MATCH($A16,September!$A:$A,0)),0)+IFERROR(INDEX(October!$AJ:$AJ,MATCH($A16,October!$A:$A,0)),0)+IFERROR(INDEX(November!$AI:$AI,MATCH($A16,November!$A:$A,0)),0)+IFERROR(INDEX(December!$AJ:$AJ,MATCH($A16,December!$A:$A,0)),0) -> 181 | R16: =IFERROR(INDEX(January!$AK:$AK,MATCH($A16,January!$A:$A,0)),0)+IFERROR(INDEX(February!$AH:$AH,MATCH($A16,February!$A:$A,0)),0)+IFERROR(INDEX(March!$AK:$AK,MATCH($A16,March!$A:$A,0)),0)+IFERROR(INDEX(April!$AJ:$AJ,MATCH($A16,April!$A:$A,0)),0)+IFERROR(INDEX(May!$AK:$AK,MATCH($A16,May!$A:$A,0)),0)+IFERROR(INDEX(June!$AJ:$AJ,MATCH($A16,June!$A:$A,0)),0)+IFERROR(INDEX(July!$AK:$AK,MATCH($A16,July!$A:$A,0)),0)+IFERROR(INDEX(August!$AK:$AK,MATCH($A16,August!$A:$A,0)),0)+IFERROR(INDEX(September!$AJ:$AJ,MATCH($A16,September!$A:$A,0)),0)+IFERROR(INDEX(October!$AK:$AK,MATCH($A16,October!$A:$A,0)),0)+IFERROR(INDEX(November!$AJ:$AJ,MATCH($A16,November!$A:$A,0)),0)+IFERROR(INDEX(December!$AK:$AK,MATCH($A16,December!$A:$A,0)),0) -> 8 | S16: =IF((P16+Q16)=0,"",P16/(P16+Q16)) -> 0.30651341 | U16: =IFERROR(INDEX(January!$AQ:$AQ,MATCH($A16,January!$A:$A,0)),0)+IFERROR(INDEX(February!$AN:$AN,MATCH($A16,February!$A:$A,0)),0)+IFERROR(INDEX(March!$AQ:$AQ,MATCH($A16,March!$A:$A,0)),0)+IFERROR(INDEX(April!$AP:$AP,MATCH($A16,April!$A:$A,0)),0)+IFERROR(INDEX(May!$AQ:$AQ,MATCH($A16,May!$A:$A,0)),0)+IFERROR(INDEX(June!$AP:$AP,MATCH($A16,June!$A:$A,0)),0)+IFERROR(INDEX(July!$AQ:$AQ,MATCH($A16,July!$A:$A,0)),0)+IFERROR(INDEX(August!$AQ:$AQ,MATCH($A16,August!$A:$A,0)),0)+IFERROR(INDEX(September!$AP:$AP,MATCH($A16,September!$A:$A,0)),0)+IFERROR(INDEX(October!$AQ:$AQ,MATCH($A16,October!$A:$A,0)),0)+IFERROR(INDEX(November!$AP:$AP,MATCH($A16,November!$A:$A,0)),0)+IFERROR(INDEX(December!$AQ:$AQ,MATCH($A16,December!$A:$A,0)),0) -> 90 | V16: =IFERROR(INDEX(January!$AJ:$AJ,MATCH($A16,January!$A:$A,0)),0)+IFERROR(INDEX(February!$AG:$AG,MATCH($A16,February!$A:$A,0)),0)+IFERROR(INDEX(March!$AJ:$AJ,MATCH($A16,March!$A:$A,0)),0)+IFERROR(INDEX(April!$AI:$AI,MATCH($A16,April!$A:$A,0)),0)+IFERROR(INDEX(May!$AJ:$AJ,MATCH($A16,May!$A:$A,0)),0)+IFERROR(INDEX(June!$AI:$AI,MATCH($A16,June!$A:$A,0)),0)+IFERROR(INDEX(July!$AJ:$AJ,MATCH($A16,July!$A:$A,0)),0)+IFERROR(INDEX(August!$AJ:$AJ,MATCH($A16,August!$A:$A,0)),0)+IFERROR(INDEX(September!$AI:$AI,MATCH($A16,September!$A:$A,0)),0)+IFERROR(INDEX(October!$AJ:$AJ,MATCH($A16,October!$A:$A,0)),0)+IFERROR(INDEX(November!$AI:$AI,MATCH($A16,November!$A:$A,0)),0)+IFERROR(INDEX(December!$AJ:$AJ,MATCH($A16,December!$A:$A,0)),0) -> 181 | W16: =IFERROR(INDEX(January!$AO:$AO,MATCH($A16,January!$A:$A,0)),0)+IFERROR(INDEX(February!$AL:$AL,MATCH($A16,February!$A:$A,0)),0)+IFERROR(INDEX(March!$AO:$AO,MATCH($A16,March!$A:$A,0)),0)+IFERROR(INDEX(April!$AN:$AN,MATCH($A16,April!$A:$A,0)),0)+IFERROR(INDEX(May!$AO:$AO,MATCH($A16,May!$A:$A,0)),0)+IFERROR(INDEX(June!$AN:$AN,MATCH($A16,June!$A:$A,0)),0)+IFERROR(INDEX(July!$AO:$AO,MATCH($A16,July!$A:$A,0)),0)+IFERROR(INDEX(August!$AO:$AO,MATCH($A16,August!$A:$A,0)),0)+IFERROR(INDEX(September!$AN:$AN,MATCH($A16,September!$A:$A,0)),0)+IFERROR(INDEX(October!$AO:$AO,MATCH($A16,October!$A:$A,0)),0)+IFERROR(INDEX(November!$AN:$AN,MATCH($A16,November!$A:$A,0)),0)+IFERROR(INDEX(December!$AO:$AO,MATCH($A16,December!$A:$A,0)),0) -> 7 | X16: =W16/2 -> 3.5 | Y16: =(IFERROR(INDEX(January!$AL:$AL,MATCH($A16,January!$A:$A,0)),0)+IFERROR(INDEX(February!$AI:$AI,MATCH($A16,February!$A:$A,0)),0)+IFERROR(INDEX(March!$AL:$AL,MATCH($A16,March!$A:$A,0)),0)+IFERROR(INDEX(April!$AK:$AK,MATCH($A16,April!$A:$A,0)),0)+IFERROR(INDEX(May!$AL:$AL,MATCH($A16,May!$A:$A,0)),0)+IFERROR(INDEX(June!$AK:$AK,MATCH($A16,June!$A:$A,0)),0)+IFERROR(INDEX(July!$AL:$AL,MATCH($A16,July!$A:$A,0)),0)+IFERROR(INDEX(August!$AL:$AL,MATCH($A16,August!$A:$A,0)),0)+IFERROR(INDEX(September!$AK:$AK,MATCH($A16,September!$A:$A,0)),0)+IFERROR(INDEX(October!$AL:$AL,MATCH($A16,October!$A:$A,0)),0)+IFERROR(INDEX(November!$AK:$AK,MATCH($A16,November!$A:$A,0)),0)+IFERROR(INDEX(December!$AL:$AL,MATCH($A16,December!$A:$A,0)),0))*0.5 -> 5.5 | Z16: =IFERROR(INDEX(January!$AK:$AK,MATCH($A16,January!$A:$A,0)),0)+IFERROR(INDEX(February!$AH:$AH,MATCH($A16,February!$A:$A,0)),0)+IFERROR(INDEX(March!$AK:$AK,MATCH($A16,March!$A:$A,0)),0)+IFERROR(INDEX(April!$AJ:$AJ,MATCH($A16,April!$A:$A,0)),0)+IFERROR(INDEX(May!$AK:$AK,MATCH($A16,May!$A:$A,0)),0)+IFERROR(INDEX(June!$AJ:$AJ,MATCH($A16,June!$A:$A,0)),0)+IFERROR(INDEX(July!$AK:$AK,MATCH($A16,July!$A:$A,0)),0)+IFERROR(INDEX(August!$AK:$AK,MATCH($A16,August!$A:$A,0)),0)+IFERROR(INDEX(September!$AJ:$AJ,MATCH($A16,September!$A:$A,0)),0)+IFERROR(INDEX(October!$AK:$AK,MATCH($A16,October!$A:$A,0)),0)+IFERROR(INDEX(November!$AJ:$AJ,MATCH($A16,November!$A:$A,0)),0)+IFERROR(INDEX(December!$AK:$AK,MATCH($A16,December!$A:$A,0)),0) -> 8 | AA16: =Y16+Z16 -> 13.5 | AB16: 17 | AC16: =AA16+IF(AB16="",0,AB16) -> 30.5 | AE16: =AC16-IF(AD16="",0,AD16) -> 30.5
A17: 1000 | B17: MBARUSHIMANA VEDASTE | C17: ADMN | D17: 28 | E17: 17 | F17: 22 | G17: 24 | H17: 1 | I17: 23 | J17: 24 | K17: 20 | L17: 22 | M17: 6 | N17: 0 | O17: 9 | P17: =IFERROR(INDEX(January!$AI:$AI,MATCH($A17,January!$A:$A,0)),0)+IFERROR(INDEX(February!$AF:$AF,MATCH($A17,February!$A:$A,0)),0)+IFERROR(INDEX(March!$AI:$AI,MATCH($A17,March!$A:$A,0)),0)+IFERROR(INDEX(April!$AH:$AH,MATCH($A17,April!$A:$A,0)),0)+IFERROR(INDEX(May!$AI:$AI,MATCH($A17,May!$A:$A,0)),0)+IFERROR(INDEX(June!$AH:$AH,MATCH($A17,June!$A:$A,0)),0)+IFERROR(INDEX(July!$AI:$AI,MATCH($A17,July!$A:$A,0)),0)+IFERROR(INDEX(August!$AI:$AI,MATCH($A17,August!$A:$A,0)),0)+IFERROR(INDEX(September!$AH:$AH,MATCH($A17,September!$A:$A,0)),0)+IFERROR(INDEX(October!$AI:$AI,MATCH($A17,October!$A:$A,0)),0)+IFERROR(INDEX(November!$AH:$AH,MATCH($A17,November!$A:$A,0)),0)+IFERROR(INDEX(December!$AI:$AI,MATCH($A17,December!$A:$A,0)),0) -> 148 | Q17: =IFERROR(INDEX(January!$AJ:$AJ,MATCH($A17,January!$A:$A,0)),0)+IFERROR(INDEX(February!$AG:$AG,MATCH($A17,February!$A:$A,0)),0)+IFERROR(INDEX(March!$AJ:$AJ,MATCH($A17,March!$A:$A,0)),0)+IFERROR(INDEX(April!$AI:$AI,MATCH($A17,April!$A:$A,0)),0)+IFERROR(INDEX(May!$AJ:$AJ,MATCH($A17,May!$A:$A,0)),0)+IFERROR(INDEX(June!$AI:$AI,MATCH($A17,June!$A:$A,0)),0)+IFERROR(INDEX(July!$AJ:$AJ,MATCH($A17,July!$A:$A,0)),0)+IFERROR(INDEX(August!$AJ:$AJ,MATCH($A17,August!$A:$A,0)),0)+IFERROR(INDEX(September!$AI:$AI,MATCH($A17,September!$A:$A,0)),0)+IFERROR(INDEX(October!$AJ:$AJ,MATCH($A17,October!$A:$A,0)),0)+IFERROR(INDEX(November!$AI:$AI,MATCH($A17,November!$A:$A,0)),0)+IFERROR(INDEX(December!$AJ:$AJ,MATCH($A17,December!$A:$A,0)),0) -> 113 | R17: =IFERROR(INDEX(January!$AK:$AK,MATCH($A17,January!$A:$A,0)),0)+IFERROR(INDEX(February!$AH:$AH,MATCH($A17,February!$A:$A,0)),0)+IFERROR(INDEX(March!$AK:$AK,MATCH($A17,March!$A:$A,0)),0)+IFERROR(INDEX(April!$AJ:$AJ,MATCH($A17,April!$A:$A,0)),0)+IFERROR(INDEX(May!$AK:$AK,MATCH($A17,May!$A:$A,0)),0)+IFERROR(INDEX(June!$AJ:$AJ,MATCH($A17,June!$A:$A,0)),0)+IFERROR(INDEX(July!$AK:$AK,MATCH($A17,July!$A:$A,0)),0)+IFERROR(INDEX(August!$AK:$AK,MATCH($A17,August!$A:$A,0)),0)+IFERROR(INDEX(September!$AJ:$AJ,MATCH($A17,September!$A:$A,0)),0)+IFERROR(INDEX(October!$AK:$AK,MATCH($A17,October!$A:$A,0)),0)+IFERROR(INDEX(November!$AJ:$AJ,MATCH($A17,November!$A:$A,0)),0)+IFERROR(INDEX(December!$AK:$AK,MATCH($A17,December!$A:$A,0)),0) -> 25 | S17: =IF((P17+Q17)=0,"",P17/(P17+Q17)) -> 0.56704981 | U17: =IFERROR(INDEX(January!$AQ:$AQ,MATCH($A17,January!$A:$A,0)),0)+IFERROR(INDEX(February!$AN:$AN,MATCH($A17,February!$A:$A,0)),0)+IFERROR(INDEX(March!$AQ:$AQ,MATCH($A17,March!$A:$A,0)),0)+IFERROR(INDEX(April!$AP:$AP,MATCH($A17,April!$A:$A,0)),0)+IFERROR(INDEX(May!$AQ:$AQ,MATCH($A17,May!$A:$A,0)),0)+IFERROR(INDEX(June!$AP:$AP,MATCH($A17,June!$A:$A,0)),0)+IFERROR(INDEX(July!$AQ:$AQ,MATCH($A17,July!$A:$A,0)),0)+IFERROR(INDEX(August!$AQ:$AQ,MATCH($A17,August!$A:$A,0)),0)+IFERROR(INDEX(September!$AP:$AP,MATCH($A17,September!$A:$A,0)),0)+IFERROR(INDEX(October!$AQ:$AQ,MATCH($A17,October!$A:$A,0)),0)+IFERROR(INDEX(November!$AP:$AP,MATCH($A17,November!$A:$A,0)),0)+IFERROR(INDEX(December!$AQ:$AQ,MATCH($A17,December!$A:$A,0)),0) -> 183.5 | V17: =IFERROR(INDEX(January!$AJ:$AJ,MATCH($A17,January!$A:$A,0)),0)+IFERROR(INDEX(February!$AG:$AG,MATCH($A17,February!$A:$A,0)),0)+IFERROR(INDEX(March!$AJ:$AJ,MATCH($A17,March!$A:$A,0)),0)+IFERROR(INDEX(April!$AI:$AI,MATCH($A17,April!$A:$A,0)),0)+IFERROR(INDEX(May!$AJ:$AJ,MATCH($A17,May!$A:$A,0)),0)+IFERROR(INDEX(June!$AI:$AI,MATCH($A17,June!$A:$A,0)),0)+IFERROR(INDEX(July!$AJ:$AJ,MATCH($A17,July!$A:$A,0)),0)+IFERROR(INDEX(August!$AJ:$AJ,MATCH($A17,August!$A:$A,0)),0)+IFERROR(INDEX(September!$AI:$AI,MATCH($A17,September!$A:$A,0)),0)+IFERROR(INDEX(October!$AJ:$AJ,MATCH($A17,October!$A:$A,0)),0)+IFERROR(INDEX(November!$AI:$AI,MATCH($A17,November!$A:$A,0)),0)+IFERROR(INDEX(December!$AJ:$AJ,MATCH($A17,December!$A:$A,0)),0) -> 113 | W17: =IFERROR(INDEX(January!$AO:$AO,MATCH($A17,January!$A:$A,0)),0)+IFERROR(INDEX(February!$AL:$AL,MATCH($A17,February!$A:$A,0)),0)+IFERROR(INDEX(March!$AO:$AO,MATCH($A17,March!$A:$A,0)),0)+IFERROR(INDEX(April!$AN:$AN,MATCH($A17,April!$A:$A,0)),0)+IFERROR(INDEX(May!$AO:$AO,MATCH($A17,May!$A:$A,0)),0)+IFERROR(INDEX(June!$AN:$AN,MATCH($A17,June!$A:$A,0)),0)+IFERROR(INDEX(July!$AO:$AO,MATCH($A17,July!$A:$A,0)),0)+IFERROR(INDEX(August!$AO:$AO,MATCH($A17,August!$A:$A,0)),0)+IFERROR(INDEX(September!$AN:$AN,MATCH($A17,September!$A:$A,0)),0)+IFERROR(INDEX(October!$AO:$AO,MATCH($A17,October!$A:$A,0)),0)+IFERROR(INDEX(November!$AN:$AN,MATCH($A17,November!$A:$A,0)),0)+IFERROR(INDEX(December!$AO:$AO,MATCH($A17,December!$A:$A,0)),0) -> 2 | X17: =W17/2 -> 1 | Y17: =(IFERROR(INDEX(January!$AL:$AL,MATCH($A17,January!$A:$A,0)),0)+IFERROR(INDEX(February!$AI:$AI,MATCH($A17,February!$A:$A,0)),0)+IFERROR(INDEX(March!$AL:$AL,MATCH($A17,March!$A:$A,0)),0)+IFERROR(INDEX(April!$AK:$AK,MATCH($A17,April!$A:$A,0)),0)+IFERROR(INDEX(May!$AL:$AL,MATCH($A17,May!$A:$A,0)),0)+IFERROR(INDEX(June!$AK:$AK,MATCH($A17,June!$A:$A,0)),0)+IFERROR(INDEX(July!$AL:$AL,MATCH($A17,July!$A:$A,0)),0)+IFERROR(INDEX(August!$AL:$AL,MATCH($A17,August!$A:$A,0)),0)+IFERROR(INDEX(September!$AK:$AK,MATCH($A17,September!$A:$A,0)),0)+IFERROR(INDEX(October!$AL:$AL,MATCH($A17,October!$A:$A,0)),0)+IFERROR(INDEX(November!$AK:$AK,MATCH($A17,November!$A:$A,0)),0)+IFERROR(INDEX(December!$AL:$AL,MATCH($A17,December!$A:$A,0)),0))*0.5 -> 11.5 | Z17: =IFERROR(INDEX(January!$AK:$AK,MATCH($A17,January!$A:$A,0)),0)+IFERROR(INDEX(February!$AH:$AH,MATCH($A17,February!$A:$A,0)),0)+IFERROR(INDEX(March!$AK:$AK,MATCH($A17,March!$A:$A,0)),0)+IFERROR(INDEX(April!$AJ:$AJ,MATCH($A17,April!$A:$A,0)),0)+IFERROR(INDEX(May!$AK:$AK,MATCH($A17,May!$A:$A,0)),0)+IFERROR(INDEX(June!$AJ:$AJ,MATCH($A17,June!$A:$A,0)),0)+IFERROR(INDEX(July!$AK:$AK,MATCH($A17,July!$A:$A,0)),0)+IFERROR(INDEX(August!$AK:$AK,MATCH($A17,August!$A:$A,0)),0)+IFERROR(INDEX(September!$AJ:$AJ,MATCH($A17,September!$A:$A,0)),0)+IFERROR(INDEX(October!$AK:$AK,MATCH($A17,October!$A:$A,0)),0)+IFERROR(INDEX(November!$AJ:$AJ,MATCH($A17,November!$A:$A,0)),0)+IFERROR(INDEX(December!$AK:$AK,MATCH($A17,December!$A:$A,0)),0) -> 25 | AA17: =Y17+Z17 -> 36.5 | AB17: 17 | AC17: =AA17+IF(AB17="",0,AB17) -> 53.5 | AE17: =AC17-IF(AD17="",0,AD17) -> 53.5
A18: 2345 | B18: Bakundufite Alphonsine | C18: ADMN | D18: 5 | E18: 26 | F18: 28 | G18: 4 | H18: 11 | I18: 28 | J18: 25 | K18: 22 | L18: 20 | M18: 15 | N18: 21 | O18: 23 | P18: =IFERROR(INDEX(January!$AI:$AI,MATCH($A18,January!$A:$A,0)),0)+IFERROR(INDEX(February!$AF:$AF,MATCH($A18,February!$A:$A,0)),0)+IFERROR(INDEX(March!$AI:$AI,MATCH($A18,March!$A:$A,0)),0)+IFERROR(INDEX(April!$AH:$AH,MATCH($A18,April!$A:$A,0)),0)+IFERROR(INDEX(May!$AI:$AI,MATCH($A18,May!$A:$A,0)),0)+IFERROR(INDEX(June!$AH:$AH,MATCH($A18,June!$A:$A,0)),0)+IFERROR(INDEX(July!$AI:$AI,MATCH($A18,July!$A:$A,0)),0)+IFERROR(INDEX(August!$AI:$AI,MATCH($A18,August!$A:$A,0)),0)+IFERROR(INDEX(September!$AH:$AH,MATCH($A18,September!$A:$A,0)),0)+IFERROR(INDEX(October!$AI:$AI,MATCH($A18,October!$A:$A,0)),0)+IFERROR(INDEX(November!$AH:$AH,MATCH($A18,November!$A:$A,0)),0)+IFERROR(INDEX(December!$AI:$AI,MATCH($A18,December!$A:$A,0)),0) -> 177 | Q18: =IFERROR(INDEX(January!$AJ:$AJ,MATCH($A18,January!$A:$A,0)),0)+IFERROR(INDEX(February!$AG:$AG,MATCH($A18,February!$A:$A,0)),0)+IFERROR(INDEX(March!$AJ:$AJ,MATCH($A18,March!$A:$A,0)),0)+IFERROR(INDEX(April!$AI:$AI,MATCH($A18,April!$A:$A,0)),0)+IFERROR(INDEX(May!$AJ:$AJ,MATCH($A18,May!$A:$A,0)),0)+IFERROR(INDEX(June!$AI:$AI,MATCH($A18,June!$A:$A,0)),0)+IFERROR(INDEX(July!$AJ:$AJ,MATCH($A18,July!$A:$A,0)),0)+IFERROR(INDEX(August!$AJ:$AJ,MATCH($A18,August!$A:$A,0)),0)+IFERROR(INDEX(September!$AI:$AI,MATCH($A18,September!$A:$A,0)),0)+IFERROR(INDEX(October!$AJ:$AJ,MATCH($A18,October!$A:$A,0)),0)+IFERROR(INDEX(November!$AI:$AI,MATCH($A18,November!$A:$A,0)),0)+IFERROR(INDEX(December!$AJ:$AJ,MATCH($A18,December!$A:$A,0)),0) -> 84 | R18: =IFERROR(INDEX(January!$AK:$AK,MATCH($A18,January!$A:$A,0)),0)+IFERROR(INDEX(February!$AH:$AH,MATCH($A18,February!$A:$A,0)),0)+IFERROR(INDEX(March!$AK:$AK,MATCH($A18,March!$A:$A,0)),0)+IFERROR(INDEX(April!$AJ:$AJ,MATCH($A18,April!$A:$A,0)),0)+IFERROR(INDEX(May!$AK:$AK,MATCH($A18,May!$A:$A,0)),0)+IFERROR(INDEX(June!$AJ:$AJ,MATCH($A18,June!$A:$A,0)),0)+IFERROR(INDEX(July!$AK:$AK,MATCH($A18,July!$A:$A,0)),0)+IFERROR(INDEX(August!$AK:$AK,MATCH($A18,August!$A:$A,0)),0)+IFERROR(INDEX(September!$AJ:$AJ,MATCH($A18,September!$A:$A,0)),0)+IFERROR(INDEX(October!$AK:$AK,MATCH($A18,October!$A:$A,0)),0)+IFERROR(INDEX(November!$AJ:$AJ,MATCH($A18,November!$A:$A,0)),0)+IFERROR(INDEX(December!$AK:$AK,MATCH($A18,December!$A:$A,0)),0) -> 26 | S18: =IF((P18+Q18)=0,"",P18/(P18+Q18)) -> 0.67816092 | U18: =IFERROR(INDEX(January!$AQ:$AQ,MATCH($A18,January!$A:$A,0)),0)+IFERROR(INDEX(February!$AN:$AN,MATCH($A18,February!$A:$A,0)),0)+IFERROR(INDEX(March!$AQ:$AQ,MATCH($A18,March!$A:$A,0)),0)+IFERROR(INDEX(April!$AP:$AP,MATCH($A18,April!$A:$A,0)),0)+IFERROR(INDEX(May!$AQ:$AQ,MATCH($A18,May!$A:$A,0)),0)+IFERROR(INDEX(June!$AP:$AP,MATCH($A18,June!$A:$A,0)),0)+IFERROR(INDEX(July!$AQ:$AQ,MATCH($A18,July!$A:$A,0)),0)+IFERROR(INDEX(August!$AQ:$AQ,MATCH($A18,August!$A:$A,0)),0)+IFERROR(INDEX(September!$AP:$AP,MATCH($A18,September!$A:$A,0)),0)+IFERROR(INDEX(October!$AQ:$AQ,MATCH($A18,October!$A:$A,0)),0)+IFERROR(INDEX(November!$AP:$AP,MATCH($A18,November!$A:$A,0)),0)+IFERROR(INDEX(December!$AQ:$AQ,MATCH($A18,December!$A:$A,0)),0) -> 211 | V18: =IFERROR(INDEX(January!$AJ:$AJ,MATCH($A18,January!$A:$A,0)),0)+IFERROR(INDEX(February!$AG:$AG,MATCH($A18,February!$A:$A,0)),0)+IFERROR(INDEX(March!$AJ:$AJ,MATCH($A18,March!$A:$A,0)),0)+IFERROR(INDEX(April!$AI:$AI,MATCH($A18,April!$A:$A,0)),0)+IFERROR(INDEX(May!$AJ:$AJ,MATCH($A18,May!$A:$A,0)),0)+IFERROR(INDEX(June!$AI:$AI,MATCH($A18,June!$A:$A,0)),0)+IFERROR(INDEX(July!$AJ:$AJ,MATCH($A18,July!$A:$A,0)),0)+IFERROR(INDEX(August!$AJ:$AJ,MATCH($A18,August!$A:$A,0)),0)+IFERROR(INDEX(September!$AI:$AI,MATCH($A18,September!$A:$A,0)),0)+IFERROR(INDEX(October!$AJ:$AJ,MATCH($A18,October!$A:$A,0)),0)+IFERROR(INDEX(November!$AI:$AI,MATCH($A18,November!$A:$A,0)),0)+IFERROR(INDEX(December!$AJ:$AJ,MATCH($A18,December!$A:$A,0)),0) -> 84 | W18: =IFERROR(INDEX(January!$AO:$AO,MATCH($A18,January!$A:$A,0)),0)+IFERROR(INDEX(February!$AL:$AL,MATCH($A18,February!$A:$A,0)),0)+IFERROR(INDEX(March!$AO:$AO,MATCH($A18,March!$A:$A,0)),0)+IFERROR(INDEX(April!$AN:$AN,MATCH($A18,April!$A:$A,0)),0)+IFERROR(INDEX(May!$AO:$AO,MATCH($A18,May!$A:$A,0)),0)+IFERROR(INDEX(June!$AN:$AN,MATCH($A18,June!$A:$A,0)),0)+IFERROR(INDEX(July!$AO:$AO,MATCH($A18,July!$A:$A,0)),0)+IFERROR(INDEX(August!$AO:$AO,MATCH($A18,August!$A:$A,0)),0)+IFERROR(INDEX(September!$AN:$AN,MATCH($A18,September!$A:$A,0)),0)+IFERROR(INDEX(October!$AO:$AO,MATCH($A18,October!$A:$A,0)),0)+IFERROR(INDEX(November!$AN:$AN,MATCH($A18,November!$A:$A,0)),0)+IFERROR(INDEX(December!$AO:$AO,MATCH($A18,December!$A:$A,0)),0) -> 9 | X18: =W18/2 -> 4.5 | Y18: =(IFERROR(INDEX(January!$AL:$AL,MATCH($A18,January!$A:$A,0)),0)+IFERROR(INDEX(February!$AI:$AI,MATCH($A18,February!$A:$A,0)),0)+IFERROR(INDEX(March!$AL:$AL,MATCH($A18,March!$A:$A,0)),0)+IFERROR(INDEX(April!$AK:$AK,MATCH($A18,April!$A:$A,0)),0)+IFERROR(INDEX(May!$AL:$AL,MATCH($A18,May!$A:$A,0)),0)+IFERROR(INDEX(June!$AK:$AK,MATCH($A18,June!$A:$A,0)),0)+IFERROR(INDEX(July!$AL:$AL,MATCH($A18,July!$A:$A,0)),0)+IFERROR(INDEX(August!$AL:$AL,MATCH($A18,August!$A:$A,0)),0)+IFERROR(INDEX(September!$AK:$AK,MATCH($A18,September!$A:$A,0)),0)+IFERROR(INDEX(October!$AL:$AL,MATCH($A18,October!$A:$A,0)),0)+IFERROR(INDEX(November!$AK:$AK,MATCH($A18,November!$A:$A,0)),0)+IFERROR(INDEX(December!$AL:$AL,MATCH($A18,December!$A:$A,0)),0))*0.5 -> 12.5 | Z18: =IFERROR(INDEX(January!$AK:$AK,MATCH($A18,January!$A:$A,0)),0)+IFERROR(INDEX(February!$AH:$AH,MATCH($A18,February!$A:$A,0)),0)+IFERROR(INDEX(March!$AK:$AK,MATCH($A18,March!$A:$A,0)),0)+IFERROR(INDEX(April!$AJ:$AJ,MATCH($A18,April!$A:$A,0)),0)+IFERROR(INDEX(May!$AK:$AK,MATCH($A18,May!$A:$A,0)),0)+IFERROR(INDEX(June!$AJ:$AJ,MATCH($A18,June!$A:$A,0)),0)+IFERROR(INDEX(July!$AK:$AK,MATCH($A18,July!$A:$A,0)),0)+IFERROR(INDEX(August!$AK:$AK,MATCH($A18,August!$A:$A,0)),0)+IFERROR(INDEX(September!$AJ:$AJ,MATCH($A18,September!$A:$A,0)),0)+IFERROR(INDEX(October!$AK:$AK,MATCH($A18,October!$A:$A,0)),0)+IFERROR(INDEX(November!$AJ:$AJ,MATCH($A18,November!$A:$A,0)),0)+IFERROR(INDEX(December!$AK:$AK,MATCH($A18,December!$A:$A,0)),0) -> 26 | AA18: =Y18+Z18 -> 38.5 | AB18: 17 | AC18: =AA18+IF(AB18="",0,AB18) -> 55.5 | AD18: 71 | AE18: =AC18-IF(AD18="",0,AD18) -> -15.5
A19: 2370 | B19: Dusabamahoro Olivier | C19: ADMN | D19: 27 | E19: 22 | F19: 24 | G19: 9 | H19: 12 | I19: 18 | J19: 16 | K19: 18 | L19: 23 | M19: 25 | N19: 21 | O19: 4 | P19: =IFERROR(INDEX(January!$AI:$AI,MATCH($A19,January!$A:$A,0)),0)+IFERROR(INDEX(February!$AF:$AF,MATCH($A19,February!$A:$A,0)),0)+IFERROR(INDEX(March!$AI:$AI,MATCH($A19,March!$A:$A,0)),0)+IFERROR(INDEX(April!$AH:$AH,MATCH($A19,April!$A:$A,0)),0)+IFERROR(INDEX(May!$AI:$AI,MATCH($A19,May!$A:$A,0)),0)+IFERROR(INDEX(June!$AH:$AH,MATCH($A19,June!$A:$A,0)),0)+IFERROR(INDEX(July!$AI:$AI,MATCH($A19,July!$A:$A,0)),0)+IFERROR(INDEX(August!$AI:$AI,MATCH($A19,August!$A:$A,0)),0)+IFERROR(INDEX(September!$AH:$AH,MATCH($A19,September!$A:$A,0)),0)+IFERROR(INDEX(October!$AI:$AI,MATCH($A19,October!$A:$A,0)),0)+IFERROR(INDEX(November!$AH:$AH,MATCH($A19,November!$A:$A,0)),0)+IFERROR(INDEX(December!$AI:$AI,MATCH($A19,December!$A:$A,0)),0) -> 180 | Q19: =IFERROR(INDEX(January!$AJ:$AJ,MATCH($A19,January!$A:$A,0)),0)+IFERROR(INDEX(February!$AG:$AG,MATCH($A19,February!$A:$A,0)),0)+IFERROR(INDEX(March!$AJ:$AJ,MATCH($A19,March!$A:$A,0)),0)+IFERROR(INDEX(April!$AI:$AI,MATCH($A19,April!$A:$A,0)),0)+IFERROR(INDEX(May!$AJ:$AJ,MATCH($A19,May!$A:$A,0)),0)+IFERROR(INDEX(June!$AI:$AI,MATCH($A19,June!$A:$A,0)),0)+IFERROR(INDEX(July!$AJ:$AJ,MATCH($A19,July!$A:$A,0)),0)+IFERROR(INDEX(August!$AJ:$AJ,MATCH($A19,August!$A:$A,0)),0)+IFERROR(INDEX(September!$AI:$AI,MATCH($A19,September!$A:$A,0)),0)+IFERROR(INDEX(October!$AJ:$AJ,MATCH($A19,October!$A:$A,0)),0)+IFERROR(INDEX(November!$AI:$AI,MATCH($A19,November!$A:$A,0)),0)+IFERROR(INDEX(December!$AJ:$AJ,MATCH($A19,December!$A:$A,0)),0) -> 81 | R19: =IFERROR(INDEX(January!$AK:$AK,MATCH($A19,January!$A:$A,0)),0)+IFERROR(INDEX(February!$AH:$AH,MATCH($A19,February!$A:$A,0)),0)+IFERROR(INDEX(March!$AK:$AK,MATCH($A19,March!$A:$A,0)),0)+IFERROR(INDEX(April!$AJ:$AJ,MATCH($A19,April!$A:$A,0)),0)+IFERROR(INDEX(May!$AK:$AK,MATCH($A19,May!$A:$A,0)),0)+IFERROR(INDEX(June!$AJ:$AJ,MATCH($A19,June!$A:$A,0)),0)+IFERROR(INDEX(July!$AK:$AK,MATCH($A19,July!$A:$A,0)),0)+IFERROR(INDEX(August!$AK:$AK,MATCH($A19,August!$A:$A,0)),0)+IFERROR(INDEX(September!$AJ:$AJ,MATCH($A19,September!$A:$A,0)),0)+IFERROR(INDEX(October!$AK:$AK,MATCH($A19,October!$A:$A,0)),0)+IFERROR(INDEX(November!$AJ:$AJ,MATCH($A19,November!$A:$A,0)),0)+IFERROR(INDEX(December!$AK:$AK,MATCH($A19,December!$A:$A,0)),0) -> 17 | S19: =IF((P19+Q19)=0,"",P19/(P19+Q19)) -> 0.68965517 | U19: =IFERROR(INDEX(January!$AQ:$AQ,MATCH($A19,January!$A:$A,0)),0)+IFERROR(INDEX(February!$AN:$AN,MATCH($A19,February!$A:$A,0)),0)+IFERROR(INDEX(March!$AQ:$AQ,MATCH($A19,March!$A:$A,0)),0)+IFERROR(INDEX(April!$AP:$AP,MATCH($A19,April!$A:$A,0)),0)+IFERROR(INDEX(May!$AQ:$AQ,MATCH($A19,May!$A:$A,0)),0)+IFERROR(INDEX(June!$AP:$AP,MATCH($A19,June!$A:$A,0)),0)+IFERROR(INDEX(July!$AQ:$AQ,MATCH($A19,July!$A:$A,0)),0)+IFERROR(INDEX(August!$AQ:$AQ,MATCH($A19,August!$A:$A,0)),0)+IFERROR(INDEX(September!$AP:$AP,MATCH($A19,September!$A:$A,0)),0)+IFERROR(INDEX(October!$AQ:$AQ,MATCH($A19,October!$A:$A,0)),0)+IFERROR(INDEX(November!$AP:$AP,MATCH($A19,November!$A:$A,0)),0)+IFERROR(INDEX(December!$AQ:$AQ,MATCH($A19,December!$A:$A,0)),0) -> 199 | V19: =IFERROR(INDEX(January!$AJ:$AJ,MATCH($A19,January!$A:$A,0)),0)+IFERROR(INDEX(February!$AG:$AG,MATCH($A19,February!$A:$A,0)),0)+IFERROR(INDEX(March!$AJ:$AJ,MATCH($A19,March!$A:$A,0)),0)+IFERROR(INDEX(April!$AI:$AI,MATCH($A19,April!$A:$A,0)),0)+IFERROR(INDEX(May!$AJ:$AJ,MATCH($A19,May!$A:$A,0)),0)+IFERROR(INDEX(June!$AI:$AI,MATCH($A19,June!$A:$A,0)),0)+IFERROR(INDEX(July!$AJ:$AJ,MATCH($A19,July!$A:$A,0)),0)+IFERROR(INDEX(August!$AJ:$AJ,MATCH($A19,August!$A:$A,0)),0)+IFERROR(INDEX(September!$AI:$AI,MATCH($A19,September!$A:$A,0)),0)+IFERROR(INDEX(October!$AJ:$AJ,MATCH($A19,October!$A:$A,0)),0)+IFERROR(INDEX(November!$AI:$AI,MATCH($A19,November!$A:$A,0)),0)+IFERROR(INDEX(December!$AJ:$AJ,MATCH($A19,December!$A:$A,0)),0) -> 81 | W19: =IFERROR(INDEX(January!$AO:$AO,MATCH($A19,January!$A:$A,0)),0)+IFERROR(INDEX(February!$AL:$AL,MATCH($A19,February!$A:$A,0)),0)+IFERROR(INDEX(March!$AO:$AO,MATCH($A19,March!$A:$A,0)),0)+IFERROR(INDEX(April!$AN:$AN,MATCH($A19,April!$A:$A,0)),0)+IFERROR(INDEX(May!$AO:$AO,MATCH($A19,May!$A:$A,0)),0)+IFERROR(INDEX(June!$AN:$AN,MATCH($A19,June!$A:$A,0)),0)+IFERROR(INDEX(July!$AO:$AO,MATCH($A19,July!$A:$A,0)),0)+IFERROR(INDEX(August!$AO:$AO,MATCH($A19,August!$A:$A,0)),0)+IFERROR(INDEX(September!$AN:$AN,MATCH($A19,September!$A:$A,0)),0)+IFERROR(INDEX(October!$AO:$AO,MATCH($A19,October!$A:$A,0)),0)+IFERROR(INDEX(November!$AN:$AN,MATCH($A19,November!$A:$A,0)),0)+IFERROR(INDEX(December!$AO:$AO,MATCH($A19,December!$A:$A,0)),0) -> 18 | X19: =W19/2 -> 9 | Y19: =(IFERROR(INDEX(January!$AL:$AL,MATCH($A19,January!$A:$A,0)),0)+IFERROR(INDEX(February!$AI:$AI,MATCH($A19,February!$A:$A,0)),0)+IFERROR(INDEX(March!$AL:$AL,MATCH($A19,March!$A:$A,0)),0)+IFERROR(INDEX(April!$AK:$AK,MATCH($A19,April!$A:$A,0)),0)+IFERROR(INDEX(May!$AL:$AL,MATCH($A19,May!$A:$A,0)),0)+IFERROR(INDEX(June!$AK:$AK,MATCH($A19,June!$A:$A,0)),0)+IFERROR(INDEX(July!$AL:$AL,MATCH($A19,July!$A:$A,0)),0)+IFERROR(INDEX(August!$AL:$AL,MATCH($A19,August!$A:$A,0)),0)+IFERROR(INDEX(September!$AK:$AK,MATCH($A19,September!$A:$A,0)),0)+IFERROR(INDEX(October!$AL:$AL,MATCH($A19,October!$A:$A,0)),0)+IFERROR(INDEX(November!$AK:$AK,MATCH($A19,November!$A:$A,0)),0)+IFERROR(INDEX(December!$AL:$AL,MATCH($A19,December!$A:$A,0)),0))*0.5 -> 11 | Z19: =IFERROR(INDEX(January!$AK:$AK,MATCH($A19,January!$A:$A,0)),0)+IFERROR(INDEX(February!$AH:$AH,MATCH($A19,February!$A:$A,0)),0)+IFERROR(INDEX(March!$AK:$AK,MATCH($A19,March!$A:$A,0)),0)+IFERROR(INDEX(April!$AJ:$AJ,MATCH($A19,April!$A:$A,0)),0)+IFERROR(INDEX(May!$AK:$AK,MATCH($A19,May!$A:$A,0)),0)+IFERROR(INDEX(June!$AJ:$AJ,MATCH($A19,June!$A:$A,0)),0)+IFERROR(INDEX(July!$AK:$AK,MATCH($A19,July!$A:$A,0)),0)+IFERROR(INDEX(August!$AK:$AK,MATCH($A19,August!$A:$A,0)),0)+IFERROR(INDEX(September!$AJ:$AJ,MATCH($A19,September!$A:$A,0)),0)+IFERROR(INDEX(October!$AK:$AK,MATCH($A19,October!$A:$A,0)),0)+IFERROR(INDEX(November!$AJ:$AJ,MATCH($A19,November!$A:$A,0)),0)+IFERROR(INDEX(December!$AK:$AK,MATCH($A19,December!$A:$A,0)),0) -> 17 | AA19: =Y19+Z19 -> 28 | AB19: 17 | AC19: =AA19+IF(AB19="",0,AB19) -> 45 | AE19: =AC19-IF(AD19="",0,AD19) -> 45
A20: 2373 | B20: Manzi David | C20: ADMN | D20: 27 | E20: 15 | F20: 16 | G20: 24 | H20: 18 | I20: 9 | J20: 21 | K20: 23 | L20: 25 | M20: 27 | N20: 14 | O20: 21 | P20: =IFERROR(INDEX(January!$AI:$AI,MATCH($A20,January!$A:$A,0)),0)+IFERROR(INDEX(February!$AF:$AF,MATCH($A20,February!$A:$A,0)),0)+IFERROR(INDEX(March!$AI:$AI,MATCH($A20,March!$A:$A,0)),0)+IFERROR(INDEX(April!$AH:$AH,MATCH($A20,April!$A:$A,0)),0)+IFERROR(INDEX(May!$AI:$AI,MATCH($A20,May!$A:$A,0)),0)+IFERROR(INDEX(June!$AH:$AH,MATCH($A20,June!$A:$A,0)),0)+IFERROR(INDEX(July!$AI:$AI,MATCH($A20,July!$A:$A,0)),0)+IFERROR(INDEX(August!$AI:$AI,MATCH($A20,August!$A:$A,0)),0)+IFERROR(INDEX(September!$AH:$AH,MATCH($A20,September!$A:$A,0)),0)+IFERROR(INDEX(October!$AI:$AI,MATCH($A20,October!$A:$A,0)),0)+IFERROR(INDEX(November!$AH:$AH,MATCH($A20,November!$A:$A,0)),0)+IFERROR(INDEX(December!$AI:$AI,MATCH($A20,December!$A:$A,0)),0) -> 203 | Q20: =IFERROR(INDEX(January!$AJ:$AJ,MATCH($A20,January!$A:$A,0)),0)+IFERROR(INDEX(February!$AG:$AG,MATCH($A20,February!$A:$A,0)),0)+IFERROR(INDEX(March!$AJ:$AJ,MATCH($A20,March!$A:$A,0)),0)+IFERROR(INDEX(April!$AI:$AI,MATCH($A20,April!$A:$A,0)),0)+IFERROR(INDEX(May!$AJ:$AJ,MATCH($A20,May!$A:$A,0)),0)+IFERROR(INDEX(June!$AI:$AI,MATCH($A20,June!$A:$A,0)),0)+IFERROR(INDEX(July!$AJ:$AJ,MATCH($A20,July!$A:$A,0)),0)+IFERROR(INDEX(August!$AJ:$AJ,MATCH($A20,August!$A:$A,0)),0)+IFERROR(INDEX(September!$AI:$AI,MATCH($A20,September!$A:$A,0)),0)+IFERROR(INDEX(October!$AJ:$AJ,MATCH($A20,October!$A:$A,0)),0)+IFERROR(INDEX(November!$AI:$AI,MATCH($A20,November!$A:$A,0)),0)+IFERROR(INDEX(December!$AJ:$AJ,MATCH($A20,December!$A:$A,0)),0) -> 58 | R20: =IFERROR(INDEX(January!$AK:$AK,MATCH($A20,January!$A:$A,0)),0)+IFERROR(INDEX(February!$AH:$AH,MATCH($A20,February!$A:$A,0)),0)+IFERROR(INDEX(March!$AK:$AK,MATCH($A20,March!$A:$A,0)),0)+IFERROR(INDEX(April!$AJ:$AJ,MATCH($A20,April!$A:$A,0)),0)+IFERROR(INDEX(May!$AK:$AK,MATCH($A20,May!$A:$A,0)),0)+IFERROR(INDEX(June!$AJ:$AJ,MATCH($A20,June!$A:$A,0)),0)+IFERROR(INDEX(July!$AK:$AK,MATCH($A20,July!$A:$A,0)),0)+IFERROR(INDEX(August!$AK:$AK,MATCH($A20,August!$A:$A,0)),0)+IFERROR(INDEX(September!$AJ:$AJ,MATCH($A20,September!$A:$A,0)),0)+IFERROR(INDEX(October!$AK:$AK,MATCH($A20,October!$A:$A,0)),0)+IFERROR(INDEX(November!$AJ:$AJ,MATCH($A20,November!$A:$A,0)),0)+IFERROR(INDEX(December!$AK:$AK,MATCH($A20,December!$A:$A,0)),0) -> 10 | S20: =IF((P20+Q20)=0,"",P20/(P20+Q20)) -> 0.77777778 | U20: =IFERROR(INDEX(January!$AQ:$AQ,MATCH($A20,January!$A:$A,0)),0)+IFERROR(INDEX(February!$AN:$AN,MATCH($A20,February!$A:$A,0)),0)+IFERROR(INDEX(March!$AQ:$AQ,MATCH($A20,March!$A:$A,0)),0)+IFERROR(INDEX(April!$AP:$AP,MATCH($A20,April!$A:$A,0)),0)+IFERROR(INDEX(May!$AQ:$AQ,MATCH($A20,May!$A:$A,0)),0)+IFERROR(INDEX(June!$AP:$AP,MATCH($A20,June!$A:$A,0)),0)+IFERROR(INDEX(July!$AQ:$AQ,MATCH($A20,July!$A:$A,0)),0)+IFERROR(INDEX(August!$AQ:$AQ,MATCH($A20,August!$A:$A,0)),0)+IFERROR(INDEX(September!$AP:$AP,MATCH($A20,September!$A:$A,0)),0)+IFERROR(INDEX(October!$AQ:$AQ,MATCH($A20,October!$A:$A,0)),0)+IFERROR(INDEX(November!$AP:$AP,MATCH($A20,November!$A:$A,0)),0)+IFERROR(INDEX(December!$AQ:$AQ,MATCH($A20,December!$A:$A,0)),0) -> 220.5 | V20: =IFERROR(INDEX(January!$AJ:$AJ,MATCH($A20,January!$A:$A,0)),0)+IFERROR(INDEX(February!$AG:$AG,MATCH($A20,February!$A:$A,0)),0)+IFERROR(INDEX(March!$AJ:$AJ,MATCH($A20,March!$A:$A,0)),0)+IFERROR(INDEX(April!$AI:$AI,MATCH($A20,April!$A:$A,0)),0)+IFERROR(INDEX(May!$AJ:$AJ,MATCH($A20,May!$A:$A,0)),0)+IFERROR(INDEX(June!$AI:$AI,MATCH($A20,June!$A:$A,0)),0)+IFERROR(INDEX(July!$AJ:$AJ,MATCH($A20,July!$A:$A,0)),0)+IFERROR(INDEX(August!$AJ:$AJ,MATCH($A20,August!$A:$A,0)),0)+IFERROR(INDEX(September!$AI:$AI,MATCH($A20,September!$A:$A,0)),0)+IFERROR(INDEX(October!$AJ:$AJ,MATCH($A20,October!$A:$A,0)),0)+IFERROR(INDEX(November!$AI:$AI,MATCH($A20,November!$A:$A,0)),0)+IFERROR(INDEX(December!$AJ:$AJ,MATCH($A20,December!$A:$A,0)),0) -> 58 | W20: =IFERROR(INDEX(January!$AO:$AO,MATCH($A20,January!$A:$A,0)),0)+IFERROR(INDEX(February!$AL:$AL,MATCH($A20,February!$A:$A,0)),0)+IFERROR(INDEX(March!$AO:$AO,MATCH($A20,March!$A:$A,0)),0)+IFERROR(INDEX(April!$AN:$AN,MATCH($A20,April!$A:$A,0)),0)+IFERROR(INDEX(May!$AO:$AO,MATCH($A20,May!$A:$A,0)),0)+IFERROR(INDEX(June!$AN:$AN,MATCH($A20,June!$A:$A,0)),0)+IFERROR(INDEX(July!$AO:$AO,MATCH($A20,July!$A:$A,0)),0)+IFERROR(INDEX(August!$AO:$AO,MATCH($A20,August!$A:$A,0)),0)+IFERROR(INDEX(September!$AN:$AN,MATCH($A20,September!$A:$A,0)),0)+IFERROR(INDEX(October!$AO:$AO,MATCH($A20,October!$A:$A,0)),0)+IFERROR(INDEX(November!$AN:$AN,MATCH($A20,November!$A:$A,0)),0)+IFERROR(INDEX(December!$AO:$AO,MATCH($A20,December!$A:$A,0)),0) -> 12 | X20: =W20/2 -> 6 | Y20: =(IFERROR(INDEX(January!$AL:$AL,MATCH($A20,January!$A:$A,0)),0)+IFERROR(INDEX(February!$AI:$AI,MATCH($A20,February!$A:$A,0)),0)+IFERROR(INDEX(March!$AL:$AL,MATCH($A20,March!$A:$A,0)),0)+IFERROR(INDEX(April!$AK:$AK,MATCH($A20,April!$A:$A,0)),0)+IFERROR(INDEX(May!$AL:$AL,MATCH($A20,May!$A:$A,0)),0)+IFERROR(INDEX(June!$AK:$AK,MATCH($A20,June!$A:$A,0)),0)+IFERROR(INDEX(July!$AL:$AL,MATCH($A20,July!$A:$A,0)),0)+IFERROR(INDEX(August!$AL:$AL,MATCH($A20,August!$A:$A,0)),0)+IFERROR(INDEX(September!$AK:$AK,MATCH($A20,September!$A:$A,0)),0)+IFERROR(INDEX(October!$AL:$AL,MATCH($A20,October!$A:$A,0)),0)+IFERROR(INDEX(November!$AK:$AK,MATCH($A20,November!$A:$A,0)),0)+IFERROR(INDEX(December!$AL:$AL,MATCH($A20,December!$A:$A,0)),0))*0.5 -> 13.5 | Z20: =IFERROR(INDEX(January!$AK:$AK,MATCH($A20,January!$A:$A,0)),0)+IFERROR(INDEX(February!$AH:$AH,MATCH($A20,February!$A:$A,0)),0)+IFERROR(INDEX(March!$AK:$AK,MATCH($A20,March!$A:$A,0)),0)+IFERROR(INDEX(April!$AJ:$AJ,MATCH($A20,April!$A:$A,0)),0)+IFERROR(INDEX(May!$AK:$AK,MATCH($A20,May!$A:$A,0)),0)+IFERROR(INDEX(June!$AJ:$AJ,MATCH($A20,June!$A:$A,0)),0)+IFERROR(INDEX(July!$AK:$AK,MATCH($A20,July!$A:$A,0)),0)+IFERROR(INDEX(August!$AK:$AK,MATCH($A20,August!$A:$A,0)),0)+IFERROR(INDEX(September!$AJ:$AJ,MATCH($A20,September!$A:$A,0)),0)+IFERROR(INDEX(October!$AK:$AK,MATCH($A20,October!$A:$A,0)),0)+IFERROR(INDEX(November!$AJ:$AJ,MATCH($A20,November!$A:$A,0)),0)+IFERROR(INDEX(December!$AK:$AK,MATCH($A20,December!$A:$A,0)),0) -> 10 | AA20: =Y20+Z20 -> 23.5 | AB20: 17 | AC20: =AA20+IF(AB20="",0,AB20) -> 40.5 | AE20: =AC20-IF(AD20="",0,AD20) -> 40.5
A22: ► MAINTENANCE
A23: 186 | B23: Sindikubwabo | C23: MAINTENANCE | D23: 16 | E23: 23 | F23: 28 | G23: 22 | H23: 0 | I23: 23 | J23: 25 | K23: 20 | L23: 26 | M23: 11 | N23: 21 | O23: 23 | P23: =IFERROR(INDEX(January!$AI:$AI,MATCH($A23,January!$A:$A,0)),0)+IFERROR(INDEX(February!$AF:$AF,MATCH($A23,February!$A:$A,0)),0)+IFERROR(INDEX(March!$AI:$AI,MATCH($A23,March!$A:$A,0)),0)+IFERROR(INDEX(April!$AH:$AH,MATCH($A23,April!$A:$A,0)),0)+IFERROR(INDEX(May!$AI:$AI,MATCH($A23,May!$A:$A,0)),0)+IFERROR(INDEX(June!$AH:$AH,MATCH($A23,June!$A:$A,0)),0)+IFERROR(INDEX(July!$AI:$AI,MATCH($A23,July!$A:$A,0)),0)+IFERROR(INDEX(August!$AI:$AI,MATCH($A23,August!$A:$A,0)),0)+IFERROR(INDEX(September!$AH:$AH,MATCH($A23,September!$A:$A,0)),0)+IFERROR(INDEX(October!$AI:$AI,MATCH($A23,October!$A:$A,0)),0)+IFERROR(INDEX(November!$AH:$AH,MATCH($A23,November!$A:$A,0)),0)+IFERROR(INDEX(December!$AI:$AI,MATCH($A23,December!$A:$A,0)),0) -> 193 | Q23: =IFERROR(INDEX(January!$AJ:$AJ,MATCH($A23,January!$A:$A,0)),0)+IFERROR(INDEX(February!$AG:$AG,MATCH($A23,February!$A:$A,0)),0)+IFERROR(INDEX(March!$AJ:$AJ,MATCH($A23,March!$A:$A,0)),0)+IFERROR(INDEX(April!$AI:$AI,MATCH($A23,April!$A:$A,0)),0)+IFERROR(INDEX(May!$AJ:$AJ,MATCH($A23,May!$A:$A,0)),0)+IFERROR(INDEX(June!$AI:$AI,MATCH($A23,June!$A:$A,0)),0)+IFERROR(INDEX(July!$AJ:$AJ,MATCH($A23,July!$A:$A,0)),0)+IFERROR(INDEX(August!$AJ:$AJ,MATCH($A23,August!$A:$A,0)),0)+IFERROR(INDEX(September!$AI:$AI,MATCH($A23,September!$A:$A,0)),0)+IFERROR(INDEX(October!$AJ:$AJ,MATCH($A23,October!$A:$A,0)),0)+IFERROR(INDEX(November!$AI:$AI,MATCH($A23,November!$A:$A,0)),0)+IFERROR(INDEX(December!$AJ:$AJ,MATCH($A23,December!$A:$A,0)),0) -> 68 | R23: =IFERROR(INDEX(January!$AK:$AK,MATCH($A23,January!$A:$A,0)),0)+IFERROR(INDEX(February!$AH:$AH,MATCH($A23,February!$A:$A,0)),0)+IFERROR(INDEX(March!$AK:$AK,MATCH($A23,March!$A:$A,0)),0)+IFERROR(INDEX(April!$AJ:$AJ,MATCH($A23,April!$A:$A,0)),0)+IFERROR(INDEX(May!$AK:$AK,MATCH($A23,May!$A:$A,0)),0)+IFERROR(INDEX(June!$AJ:$AJ,MATCH($A23,June!$A:$A,0)),0)+IFERROR(INDEX(July!$AK:$AK,MATCH($A23,July!$A:$A,0)),0)+IFERROR(INDEX(August!$AK:$AK,MATCH($A23,August!$A:$A,0)),0)+IFERROR(INDEX(September!$AJ:$AJ,MATCH($A23,September!$A:$A,0)),0)+IFERROR(INDEX(October!$AK:$AK,MATCH($A23,October!$A:$A,0)),0)+IFERROR(INDEX(November!$AJ:$AJ,MATCH($A23,November!$A:$A,0)),0)+IFERROR(INDEX(December!$AK:$AK,MATCH($A23,December!$A:$A,0)),0) -> 21 | S23: =IF((P23+Q23)=0,"",P23/(P23+Q23)) -> 0.7394636 | U23: =IFERROR(INDEX(January!$AQ:$AQ,MATCH($A23,January!$A:$A,0)),0)+IFERROR(INDEX(February!$AN:$AN,MATCH($A23,February!$A:$A,0)),0)+IFERROR(INDEX(March!$AQ:$AQ,MATCH($A23,March!$A:$A,0)),0)+IFERROR(INDEX(April!$AP:$AP,MATCH($A23,April!$A:$A,0)),0)+IFERROR(INDEX(May!$AQ:$AQ,MATCH($A23,May!$A:$A,0)),0)+IFERROR(INDEX(June!$AP:$AP,MATCH($A23,June!$A:$A,0)),0)+IFERROR(INDEX(July!$AQ:$AQ,MATCH($A23,July!$A:$A,0)),0)+IFERROR(INDEX(August!$AQ:$AQ,MATCH($A23,August!$A:$A,0)),0)+IFERROR(INDEX(September!$AP:$AP,MATCH($A23,September!$A:$A,0)),0)+IFERROR(INDEX(October!$AQ:$AQ,MATCH($A23,October!$A:$A,0)),0)+IFERROR(INDEX(November!$AP:$AP,MATCH($A23,November!$A:$A,0)),0)+IFERROR(INDEX(December!$AQ:$AQ,MATCH($A23,December!$A:$A,0)),0) -> 219.5 | V23: =IFERROR(INDEX(January!$AJ:$AJ,MATCH($A23,January!$A:$A,0)),0)+IFERROR(INDEX(February!$AG:$AG,MATCH($A23,February!$A:$A,0)),0)+IFERROR(INDEX(March!$AJ:$AJ,MATCH($A23,March!$A:$A,0)),0)+IFERROR(INDEX(April!$AI:$AI,MATCH($A23,April!$A:$A,0)),0)+IFERROR(INDEX(May!$AJ:$AJ,MATCH($A23,May!$A:$A,0)),0)+IFERROR(INDEX(June!$AI:$AI,MATCH($A23,June!$A:$A,0)),0)+IFERROR(INDEX(July!$AJ:$AJ,MATCH($A23,July!$A:$A,0)),0)+IFERROR(INDEX(August!$AJ:$AJ,MATCH($A23,August!$A:$A,0)),0)+IFERROR(INDEX(September!$AI:$AI,MATCH($A23,September!$A:$A,0)),0)+IFERROR(INDEX(October!$AJ:$AJ,MATCH($A23,October!$A:$A,0)),0)+IFERROR(INDEX(November!$AI:$AI,MATCH($A23,November!$A:$A,0)),0)+IFERROR(INDEX(December!$AJ:$AJ,MATCH($A23,December!$A:$A,0)),0) -> 68 | W23: =IFERROR(INDEX(January!$AO:$AO,MATCH($A23,January!$A:$A,0)),0)+IFERROR(INDEX(February!$AL:$AL,MATCH($A23,February!$A:$A,0)),0)+IFERROR(INDEX(March!$AO:$AO,MATCH($A23,March!$A:$A,0)),0)+IFERROR(INDEX(April!$AN:$AN,MATCH($A23,April!$A:$A,0)),0)+IFERROR(INDEX(May!$AO:$AO,MATCH($A23,May!$A:$A,0)),0)+IFERROR(INDEX(June!$AN:$AN,MATCH($A23,June!$A:$A,0)),0)+IFERROR(INDEX(July!$AO:$AO,MATCH($A23,July!$A:$A,0)),0)+IFERROR(INDEX(August!$AO:$AO,MATCH($A23,August!$A:$A,0)),0)+IFERROR(INDEX(September!$AN:$AN,MATCH($A23,September!$A:$A,0)),0)+IFERROR(INDEX(October!$AO:$AO,MATCH($A23,October!$A:$A,0)),0)+IFERROR(INDEX(November!$AN:$AN,MATCH($A23,November!$A:$A,0)),0)+IFERROR(INDEX(December!$AO:$AO,MATCH($A23,December!$A:$A,0)),0) -> 13 | X23: =W23/2 -> 6.5 | Y23: =(IFERROR(INDEX(January!$AL:$AL,MATCH($A23,January!$A:$A,0)),0)+IFERROR(INDEX(February!$AI:$AI,MATCH($A23,February!$A:$A,0)),0)+IFERROR(INDEX(March!$AL:$AL,MATCH($A23,March!$A:$A,0)),0)+IFERROR(INDEX(April!$AK:$AK,MATCH($A23,April!$A:$A,0)),0)+IFERROR(INDEX(May!$AL:$AL,MATCH($A23,May!$A:$A,0)),0)+IFERROR(INDEX(June!$AK:$AK,MATCH($A23,June!$A:$A,0)),0)+IFERROR(INDEX(July!$AL:$AL,MATCH($A23,July!$A:$A,0)),0)+IFERROR(INDEX(August!$AL:$AL,MATCH($A23,August!$A:$A,0)),0)+IFERROR(INDEX(September!$AK:$AK,MATCH($A23,September!$A:$A,0)),0)+IFERROR(INDEX(October!$AL:$AL,MATCH($A23,October!$A:$A,0)),0)+IFERROR(INDEX(November!$AK:$AK,MATCH($A23,November!$A:$A,0)),0)+IFERROR(INDEX(December!$AL:$AL,MATCH($A23,December!$A:$A,0)),0))*0.5 -> 12 | Z23: =IFERROR(INDEX(January!$AK:$AK,MATCH($A23,January!$A:$A,0)),0)+IFERROR(INDEX(February!$AH:$AH,MATCH($A23,February!$A:$A,0)),0)+IFERROR(INDEX(March!$AK:$AK,MATCH($A23,March!$A:$A,0)),0)+IFERROR(INDEX(April!$AJ:$AJ,MATCH($A23,April!$A:$A,0)),0)+IFERROR(INDEX(May!$AK:$AK,MATCH($A23,May!$A:$A,0)),0)+IFERROR(INDEX(June!$AJ:$AJ,MATCH($A23,June!$A:$A,0)),0)+IFERROR(INDEX(July!$AK:$AK,MATCH($A23,July!$A:$A,0)),0)+IFERROR(INDEX(August!$AK:$AK,MATCH($A23,August!$A:$A,0)),0)+IFERROR(INDEX(September!$AJ:$AJ,MATCH($A23,September!$A:$A,0)),0)+IFERROR(INDEX(October!$AK:$AK,MATCH($A23,October!$A:$A,0)),0)+IFERROR(INDEX(November!$AJ:$AJ,MATCH($A23,November!$A:$A,0)),0)+IFERROR(INDEX(December!$AK:$AK,MATCH($A23,December!$A:$A,0)),0) -> 21 | AA23: =Y23+Z23 -> 33 | AB23: 17 | AC23: =AA23+IF(AB23="",0,AB23) -> 50 | AE23: =AC23-IF(AD23="",0,AD23) -> 50
A24: 223 | B24: NDACYAYISENGA J.PIERRE | C24: MAINTENANCE | D24: 27 | E24: 23 | F24: 27 | G24: 22 | H24: 0 | I24: 8 | J24: 23 | K24: 23 | L24: 28 | M24: 27 | N24: 2 | O24: 16 | P24: =IFERROR(INDEX(January!$AI:$AI,MATCH($A24,January!$A:$A,0)),0)+IFERROR(INDEX(February!$AF:$AF,MATCH($A24,February!$A:$A,0)),0)+IFERROR(INDEX(March!$AI:$AI,MATCH($A24,March!$A:$A,0)),0)+IFERROR(INDEX(April!$AH:$AH,MATCH($A24,April!$A:$A,0)),0)+IFERROR(INDEX(May!$AI:$AI,MATCH($A24,May!$A:$A,0)),0)+IFERROR(INDEX(June!$AH:$AH,MATCH($A24,June!$A:$A,0)),0)+IFERROR(INDEX(July!$AI:$AI,MATCH($A24,July!$A:$A,0)),0)+IFERROR(INDEX(August!$AI:$AI,MATCH($A24,August!$A:$A,0)),0)+IFERROR(INDEX(September!$AH:$AH,MATCH($A24,September!$A:$A,0)),0)+IFERROR(INDEX(October!$AI:$AI,MATCH($A24,October!$A:$A,0)),0)+IFERROR(INDEX(November!$AH:$AH,MATCH($A24,November!$A:$A,0)),0)+IFERROR(INDEX(December!$AI:$AI,MATCH($A24,December!$A:$A,0)),0) -> 184 | Q24: =IFERROR(INDEX(January!$AJ:$AJ,MATCH($A24,January!$A:$A,0)),0)+IFERROR(INDEX(February!$AG:$AG,MATCH($A24,February!$A:$A,0)),0)+IFERROR(INDEX(March!$AJ:$AJ,MATCH($A24,March!$A:$A,0)),0)+IFERROR(INDEX(April!$AI:$AI,MATCH($A24,April!$A:$A,0)),0)+IFERROR(INDEX(May!$AJ:$AJ,MATCH($A24,May!$A:$A,0)),0)+IFERROR(INDEX(June!$AI:$AI,MATCH($A24,June!$A:$A,0)),0)+IFERROR(INDEX(July!$AJ:$AJ,MATCH($A24,July!$A:$A,0)),0)+IFERROR(INDEX(August!$AJ:$AJ,MATCH($A24,August!$A:$A,0)),0)+IFERROR(INDEX(September!$AI:$AI,MATCH($A24,September!$A:$A,0)),0)+IFERROR(INDEX(October!$AJ:$AJ,MATCH($A24,October!$A:$A,0)),0)+IFERROR(INDEX(November!$AI:$AI,MATCH($A24,November!$A:$A,0)),0)+IFERROR(INDEX(December!$AJ:$AJ,MATCH($A24,December!$A:$A,0)),0) -> 77 | R24: =IFERROR(INDEX(January!$AK:$AK,MATCH($A24,January!$A:$A,0)),0)+IFERROR(INDEX(February!$AH:$AH,MATCH($A24,February!$A:$A,0)),0)+IFERROR(INDEX(March!$AK:$AK,MATCH($A24,March!$A:$A,0)),0)+IFERROR(INDEX(April!$AJ:$AJ,MATCH($A24,April!$A:$A,0)),0)+IFERROR(INDEX(May!$AK:$AK,MATCH($A24,May!$A:$A,0)),0)+IFERROR(INDEX(June!$AJ:$AJ,MATCH($A24,June!$A:$A,0)),0)+IFERROR(INDEX(July!$AK:$AK,MATCH($A24,July!$A:$A,0)),0)+IFERROR(INDEX(August!$AK:$AK,MATCH($A24,August!$A:$A,0)),0)+IFERROR(INDEX(September!$AJ:$AJ,MATCH($A24,September!$A:$A,0)),0)+IFERROR(INDEX(October!$AK:$AK,MATCH($A24,October!$A:$A,0)),0)+IFERROR(INDEX(November!$AJ:$AJ,MATCH($A24,November!$A:$A,0)),0)+IFERROR(INDEX(December!$AK:$AK,MATCH($A24,December!$A:$A,0)),0) -> 19 | S24: =IF((P24+Q24)=0,"",P24/(P24+Q24)) -> 0.70498084 | U24: =IFERROR(INDEX(January!$AQ:$AQ,MATCH($A24,January!$A:$A,0)),0)+IFERROR(INDEX(February!$AN:$AN,MATCH($A24,February!$A:$A,0)),0)+IFERROR(INDEX(March!$AQ:$AQ,MATCH($A24,March!$A:$A,0)),0)+IFERROR(INDEX(April!$AP:$AP,MATCH($A24,April!$A:$A,0)),0)+IFERROR(INDEX(May!$AQ:$AQ,MATCH($A24,May!$A:$A,0)),0)+IFERROR(INDEX(June!$AP:$AP,MATCH($A24,June!$A:$A,0)),0)+IFERROR(INDEX(July!$AQ:$AQ,MATCH($A24,July!$A:$A,0)),0)+IFERROR(INDEX(August!$AQ:$AQ,MATCH($A24,August!$A:$A,0)),0)+IFERROR(INDEX(September!$AP:$AP,MATCH($A24,September!$A:$A,0)),0)+IFERROR(INDEX(October!$AQ:$AQ,MATCH($A24,October!$A:$A,0)),0)+IFERROR(INDEX(November!$AP:$AP,MATCH($A24,November!$A:$A,0)),0)+IFERROR(INDEX(December!$AQ:$AQ,MATCH($A24,December!$A:$A,0)),0) -> 209 | V24: =IFERROR(INDEX(January!$AJ:$AJ,MATCH($A24,January!$A:$A,0)),0)+IFERROR(INDEX(February!$AG:$AG,MATCH($A24,February!$A:$A,0)),0)+IFERROR(INDEX(March!$AJ:$AJ,MATCH($A24,March!$A:$A,0)),0)+IFERROR(INDEX(April!$AI:$AI,MATCH($A24,April!$A:$A,0)),0)+IFERROR(INDEX(May!$AJ:$AJ,MATCH($A24,May!$A:$A,0)),0)+IFERROR(INDEX(June!$AI:$AI,MATCH($A24,June!$A:$A,0)),0)+IFERROR(INDEX(July!$AJ:$AJ,MATCH($A24,July!$A:$A,0)),0)+IFERROR(INDEX(August!$AJ:$AJ,MATCH($A24,August!$A:$A,0)),0)+IFERROR(INDEX(September!$AI:$AI,MATCH($A24,September!$A:$A,0)),0)+IFERROR(INDEX(October!$AJ:$AJ,MATCH($A24,October!$A:$A,0)),0)+IFERROR(INDEX(November!$AI:$AI,MATCH($A24,November!$A:$A,0)),0)+IFERROR(INDEX(December!$AJ:$AJ,MATCH($A24,December!$A:$A,0)),0) -> 77 | W24: =IFERROR(INDEX(January!$AO:$AO,MATCH($A24,January!$A:$A,0)),0)+IFERROR(INDEX(February!$AL:$AL,MATCH($A24,February!$A:$A,0)),0)+IFERROR(INDEX(March!$AO:$AO,MATCH($A24,March!$A:$A,0)),0)+IFERROR(INDEX(April!$AN:$AN,MATCH($A24,April!$A:$A,0)),0)+IFERROR(INDEX(May!$AO:$AO,MATCH($A24,May!$A:$A,0)),0)+IFERROR(INDEX(June!$AN:$AN,MATCH($A24,June!$A:$A,0)),0)+IFERROR(INDEX(July!$AO:$AO,MATCH($A24,July!$A:$A,0)),0)+IFERROR(INDEX(August!$AO:$AO,MATCH($A24,August!$A:$A,0)),0)+IFERROR(INDEX(September!$AN:$AN,MATCH($A24,September!$A:$A,0)),0)+IFERROR(INDEX(October!$AO:$AO,MATCH($A24,October!$A:$A,0)),0)+IFERROR(INDEX(November!$AN:$AN,MATCH($A24,November!$A:$A,0)),0)+IFERROR(INDEX(December!$AO:$AO,MATCH($A24,December!$A:$A,0)),0) -> 11 | X24: =W24/2 -> 5.5 | Y24: =(IFERROR(INDEX(January!$AL:$AL,MATCH($A24,January!$A:$A,0)),0)+IFERROR(INDEX(February!$AI:$AI,MATCH($A24,February!$A:$A,0)),0)+IFERROR(INDEX(March!$AL:$AL,MATCH($A24,March!$A:$A,0)),0)+IFERROR(INDEX(April!$AK:$AK,MATCH($A24,April!$A:$A,0)),0)+IFERROR(INDEX(May!$AL:$AL,MATCH($A24,May!$A:$A,0)),0)+IFERROR(INDEX(June!$AK:$AK,MATCH($A24,June!$A:$A,0)),0)+IFERROR(INDEX(July!$AL:$AL,MATCH($A24,July!$A:$A,0)),0)+IFERROR(INDEX(August!$AL:$AL,MATCH($A24,August!$A:$A,0)),0)+IFERROR(INDEX(September!$AK:$AK,MATCH($A24,September!$A:$A,0)),0)+IFERROR(INDEX(October!$AL:$AL,MATCH($A24,October!$A:$A,0)),0)+IFERROR(INDEX(November!$AK:$AK,MATCH($A24,November!$A:$A,0)),0)+IFERROR(INDEX(December!$AL:$AL,MATCH($A24,December!$A:$A,0)),0))*0.5 -> 11.5 | Z24: =IFERROR(INDEX(January!$AK:$AK,MATCH($A24,January!$A:$A,0)),0)+IFERROR(INDEX(February!$AH:$AH,MATCH($A24,February!$A:$A,0)),0)+IFERROR(INDEX(March!$AK:$AK,MATCH($A24,March!$A:$A,0)),0)+IFERROR(INDEX(April!$AJ:$AJ,MATCH($A24,April!$A:$A,0)),0)+IFERROR(INDEX(May!$AK:$AK,MATCH($A24,May!$A:$A,0)),0)+IFERROR(INDEX(June!$AJ:$AJ,MATCH($A24,June!$A:$A,0)),0)+IFERROR(INDEX(July!$AK:$AK,MATCH($A24,July!$A:$A,0)),0)+IFERROR(INDEX(August!$AK:$AK,MATCH($A24,August!$A:$A,0)),0)+IFERROR(INDEX(September!$AJ:$AJ,MATCH($A24,September!$A:$A,0)),0)+IFERROR(INDEX(October!$AK:$AK,MATCH($A24,October!$A:$A,0)),0)+IFERROR(INDEX(November!$AJ:$AJ,MATCH($A24,November!$A:$A,0)),0)+IFERROR(INDEX(December!$AK:$AK,MATCH($A24,December!$A:$A,0)),0) -> 19 | AA24: =Y24+Z24 -> 30.5 | AB24: 17 | AC24: =AA24+IF(AB24="",0,AB24) -> 47.5 | AE24: =AC24-IF(AD24="",0,AD24) -> 47.5
A25: 224 | B25: IYAKAREMYE AUGUSTIN | C25: MAINTENANCE | D25: 26 | E25: 19 | F25: 24 | G25: 22 | H25: 0 | I25: 26 | J25: 20 | K25: 25 | L25: 25 | M25: 28 | N25: 7 | O25: 29 | P25: =IFERROR(INDEX(January!$AI:$AI,MATCH($A25,January!$A:$A,0)),0)+IFERROR(INDEX(February!$AF:$AF,MATCH($A25,February!$A:$A,0)),0)+IFERROR(INDEX(March!$AI:$AI,MATCH($A25,March!$A:$A,0)),0)+IFERROR(INDEX(April!$AH:$AH,MATCH($A25,April!$A:$A,0)),0)+IFERROR(INDEX(May!$AI:$AI,MATCH($A25,May!$A:$A,0)),0)+IFERROR(INDEX(June!$AH:$AH,MATCH($A25,June!$A:$A,0)),0)+IFERROR(INDEX(July!$AI:$AI,MATCH($A25,July!$A:$A,0)),0)+IFERROR(INDEX(August!$AI:$AI,MATCH($A25,August!$A:$A,0)),0)+IFERROR(INDEX(September!$AH:$AH,MATCH($A25,September!$A:$A,0)),0)+IFERROR(INDEX(October!$AI:$AI,MATCH($A25,October!$A:$A,0)),0)+IFERROR(INDEX(November!$AH:$AH,MATCH($A25,November!$A:$A,0)),0)+IFERROR(INDEX(December!$AI:$AI,MATCH($A25,December!$A:$A,0)),0) -> 202 | Q25: =IFERROR(INDEX(January!$AJ:$AJ,MATCH($A25,January!$A:$A,0)),0)+IFERROR(INDEX(February!$AG:$AG,MATCH($A25,February!$A:$A,0)),0)+IFERROR(INDEX(March!$AJ:$AJ,MATCH($A25,March!$A:$A,0)),0)+IFERROR(INDEX(April!$AI:$AI,MATCH($A25,April!$A:$A,0)),0)+IFERROR(INDEX(May!$AJ:$AJ,MATCH($A25,May!$A:$A,0)),0)+IFERROR(INDEX(June!$AI:$AI,MATCH($A25,June!$A:$A,0)),0)+IFERROR(INDEX(July!$AJ:$AJ,MATCH($A25,July!$A:$A,0)),0)+IFERROR(INDEX(August!$AJ:$AJ,MATCH($A25,August!$A:$A,0)),0)+IFERROR(INDEX(September!$AI:$AI,MATCH($A25,September!$A:$A,0)),0)+IFERROR(INDEX(October!$AJ:$AJ,MATCH($A25,October!$A:$A,0)),0)+IFERROR(INDEX(November!$AI:$AI,MATCH($A25,November!$A:$A,0)),0)+IFERROR(INDEX(December!$AJ:$AJ,MATCH($A25,December!$A:$A,0)),0) -> 59 | R25: =IFERROR(INDEX(January!$AK:$AK,MATCH($A25,January!$A:$A,0)),0)+IFERROR(INDEX(February!$AH:$AH,MATCH($A25,February!$A:$A,0)),0)+IFERROR(INDEX(March!$AK:$AK,MATCH($A25,March!$A:$A,0)),0)+IFERROR(INDEX(April!$AJ:$AJ,MATCH($A25,April!$A:$A,0)),0)+IFERROR(INDEX(May!$AK:$AK,MATCH($A25,May!$A:$A,0)),0)+IFERROR(INDEX(June!$AJ:$AJ,MATCH($A25,June!$A:$A,0)),0)+IFERROR(INDEX(July!$AK:$AK,MATCH($A25,July!$A:$A,0)),0)+IFERROR(INDEX(August!$AK:$AK,MATCH($A25,August!$A:$A,0)),0)+IFERROR(INDEX(September!$AJ:$AJ,MATCH($A25,September!$A:$A,0)),0)+IFERROR(INDEX(October!$AK:$AK,MATCH($A25,October!$A:$A,0)),0)+IFERROR(INDEX(November!$AJ:$AJ,MATCH($A25,November!$A:$A,0)),0)+IFERROR(INDEX(December!$AK:$AK,MATCH($A25,December!$A:$A,0)),0) -> 21 | S25: =IF((P25+Q25)=0,"",P25/(P25+Q25)) -> 0.77394636 | U25: =IFERROR(INDEX(January!$AQ:$AQ,MATCH($A25,January!$A:$A,0)),0)+IFERROR(INDEX(February!$AN:$AN,MATCH($A25,February!$A:$A,0)),0)+IFERROR(INDEX(March!$AQ:$AQ,MATCH($A25,March!$A:$A,0)),0)+IFERROR(INDEX(April!$AP:$AP,MATCH($A25,April!$A:$A,0)),0)+IFERROR(INDEX(May!$AQ:$AQ,MATCH($A25,May!$A:$A,0)),0)+IFERROR(INDEX(June!$AP:$AP,MATCH($A25,June!$A:$A,0)),0)+IFERROR(INDEX(July!$AQ:$AQ,MATCH($A25,July!$A:$A,0)),0)+IFERROR(INDEX(August!$AQ:$AQ,MATCH($A25,August!$A:$A,0)),0)+IFERROR(INDEX(September!$AP:$AP,MATCH($A25,September!$A:$A,0)),0)+IFERROR(INDEX(October!$AQ:$AQ,MATCH($A25,October!$A:$A,0)),0)+IFERROR(INDEX(November!$AP:$AP,MATCH($A25,November!$A:$A,0)),0)+IFERROR(INDEX(December!$AQ:$AQ,MATCH($A25,December!$A:$A,0)),0) -> 231 | V25: =IFERROR(INDEX(January!$AJ:$AJ,MATCH($A25,January!$A:$A,0)),0)+IFERROR(INDEX(February!$AG:$AG,MATCH($A25,February!$A:$A,0)),0)+IFERROR(INDEX(March!$AJ:$AJ,MATCH($A25,March!$A:$A,0)),0)+IFERROR(INDEX(April!$AI:$AI,MATCH($A25,April!$A:$A,0)),0)+IFERROR(INDEX(May!$AJ:$AJ,MATCH($A25,May!$A:$A,0)),0)+IFERROR(INDEX(June!$AI:$AI,MATCH($A25,June!$A:$A,0)),0)+IFERROR(INDEX(July!$AJ:$AJ,MATCH($A25,July!$A:$A,0)),0)+IFERROR(INDEX(August!$AJ:$AJ,MATCH($A25,August!$A:$A,0)),0)+IFERROR(INDEX(September!$AI:$AI,MATCH($A25,September!$A:$A,0)),0)+IFERROR(INDEX(October!$AJ:$AJ,MATCH($A25,October!$A:$A,0)),0)+IFERROR(INDEX(November!$AI:$AI,MATCH($A25,November!$A:$A,0)),0)+IFERROR(INDEX(December!$AJ:$AJ,MATCH($A25,December!$A:$A,0)),0) -> 59 | W25: =IFERROR(INDEX(January!$AO:$AO,MATCH($A25,January!$A:$A,0)),0)+IFERROR(INDEX(February!$AL:$AL,MATCH($A25,February!$A:$A,0)),0)+IFERROR(INDEX(March!$AO:$AO,MATCH($A25,March!$A:$A,0)),0)+IFERROR(INDEX(April!$AN:$AN,MATCH($A25,April!$A:$A,0)),0)+IFERROR(INDEX(May!$AO:$AO,MATCH($A25,May!$A:$A,0)),0)+IFERROR(INDEX(June!$AN:$AN,MATCH($A25,June!$A:$A,0)),0)+IFERROR(INDEX(July!$AO:$AO,MATCH($A25,July!$A:$A,0)),0)+IFERROR(INDEX(August!$AO:$AO,MATCH($A25,August!$A:$A,0)),0)+IFERROR(INDEX(September!$AN:$AN,MATCH($A25,September!$A:$A,0)),0)+IFERROR(INDEX(October!$AO:$AO,MATCH($A25,October!$A:$A,0)),0)+IFERROR(INDEX(November!$AN:$AN,MATCH($A25,November!$A:$A,0)),0)+IFERROR(INDEX(December!$AO:$AO,MATCH($A25,December!$A:$A,0)),0) -> 12 | X25: =W25/2 -> 6 | Y25: =(IFERROR(INDEX(January!$AL:$AL,MATCH($A25,January!$A:$A,0)),0)+IFERROR(INDEX(February!$AI:$AI,MATCH($A25,February!$A:$A,0)),0)+IFERROR(INDEX(March!$AL:$AL,MATCH($A25,March!$A:$A,0)),0)+IFERROR(INDEX(April!$AK:$AK,MATCH($A25,April!$A:$A,0)),0)+IFERROR(INDEX(May!$AL:$AL,MATCH($A25,May!$A:$A,0)),0)+IFERROR(INDEX(June!$AK:$AK,MATCH($A25,June!$A:$A,0)),0)+IFERROR(INDEX(July!$AL:$AL,MATCH($A25,July!$A:$A,0)),0)+IFERROR(INDEX(August!$AL:$AL,MATCH($A25,August!$A:$A,0)),0)+IFERROR(INDEX(September!$AK:$AK,MATCH($A25,September!$A:$A,0)),0)+IFERROR(INDEX(October!$AL:$AL,MATCH($A25,October!$A:$A,0)),0)+IFERROR(INDEX(November!$AK:$AK,MATCH($A25,November!$A:$A,0)),0)+IFERROR(INDEX(December!$AL:$AL,MATCH($A25,December!$A:$A,0)),0))*0.5 -> 14 | Z25: =IFERROR(INDEX(January!$AK:$AK,MATCH($A25,January!$A:$A,0)),0)+IFERROR(INDEX(February!$AH:$AH,MATCH($A25,February!$A:$A,0)),0)+IFERROR(INDEX(March!$AK:$AK,MATCH($A25,March!$A:$A,0)),0)+IFERROR(INDEX(April!$AJ:$AJ,MATCH($A25,April!$A:$A,0)),0)+IFERROR(INDEX(May!$AK:$AK,MATCH($A25,May!$A:$A,0)),0)+IFERROR(INDEX(June!$AJ:$AJ,MATCH($A25,June!$A:$A,0)),0)+IFERROR(INDEX(July!$AK:$AK,MATCH($A25,July!$A:$A,0)),0)+IFERROR(INDEX(August!$AK:$AK,MATCH($A25,August!$A:$A,0)),0)+IFERROR(INDEX(September!$AJ:$AJ,MATCH($A25,September!$A:$A,0)),0)+IFERROR(INDEX(October!$AK:$AK,MATCH($A25,October!$A:$A,0)),0)+IFERROR(INDEX(November!$AJ:$AJ,MATCH($A25,November!$A:$A,0)),0)+IFERROR(INDEX(December!$AK:$AK,MATCH($A25,December!$A:$A,0)),0) -> 21 | AA25: =Y25+Z25 -> 35 | AB25: 17 | AC25: =AA25+IF(AB25="",0,AB25) -> 52 | AE25: =AC25-IF(AD25="",0,AD25) -> 52
A26: 225 | B26: RUKUNDO MOISE | C26: MAINTENANCE | D26: 27 | E26: 24 | F26: 29 | G26: 23 | H26: 30 | I26: 19 | J26: 28 | K26: 26 | L26: 28 | M26: 27 | N26: 28 | O26: 5 | P26: =IFERROR(INDEX(January!$AI:$AI,MATCH($A26,January!$A:$A,0)),0)+IFERROR(INDEX(February!$AF:$AF,MATCH($A26,February!$A:$A,0)),0)+IFERROR(INDEX(March!$AI:$AI,MATCH($A26,March!$A:$A,0)),0)+IFERROR(INDEX(April!$AH:$AH,MATCH($A26,April!$A:$A,0)),0)+IFERROR(INDEX(May!$AI:$AI,MATCH($A26,May!$A:$A,0)),0)+IFERROR(INDEX(June!$AH:$AH,MATCH($A26,June!$A:$A,0)),0)+IFERROR(INDEX(July!$AI:$AI,MATCH($A26,July!$A:$A,0)),0)+IFERROR(INDEX(August!$AI:$AI,MATCH($A26,August!$A:$A,0)),0)+IFERROR(INDEX(September!$AH:$AH,MATCH($A26,September!$A:$A,0)),0)+IFERROR(INDEX(October!$AI:$AI,MATCH($A26,October!$A:$A,0)),0)+IFERROR(INDEX(November!$AH:$AH,MATCH($A26,November!$A:$A,0)),0)+IFERROR(INDEX(December!$AI:$AI,MATCH($A26,December!$A:$A,0)),0) -> 234 | Q26: =IFERROR(INDEX(January!$AJ:$AJ,MATCH($A26,January!$A:$A,0)),0)+IFERROR(INDEX(February!$AG:$AG,MATCH($A26,February!$A:$A,0)),0)+IFERROR(INDEX(March!$AJ:$AJ,MATCH($A26,March!$A:$A,0)),0)+IFERROR(INDEX(April!$AI:$AI,MATCH($A26,April!$A:$A,0)),0)+IFERROR(INDEX(May!$AJ:$AJ,MATCH($A26,May!$A:$A,0)),0)+IFERROR(INDEX(June!$AI:$AI,MATCH($A26,June!$A:$A,0)),0)+IFERROR(INDEX(July!$AJ:$AJ,MATCH($A26,July!$A:$A,0)),0)+IFERROR(INDEX(August!$AJ:$AJ,MATCH($A26,August!$A:$A,0)),0)+IFERROR(INDEX(September!$AI:$AI,MATCH($A26,September!$A:$A,0)),0)+IFERROR(INDEX(October!$AJ:$AJ,MATCH($A26,October!$A:$A,0)),0)+IFERROR(INDEX(November!$AI:$AI,MATCH($A26,November!$A:$A,0)),0)+IFERROR(INDEX(December!$AJ:$AJ,MATCH($A26,December!$A:$A,0)),0) -> 27 | R26: =IFERROR(INDEX(January!$AK:$AK,MATCH($A26,January!$A:$A,0)),0)+IFERROR(INDEX(February!$AH:$AH,MATCH($A26,February!$A:$A,0)),0)+IFERROR(INDEX(March!$AK:$AK,MATCH($A26,March!$A:$A,0)),0)+IFERROR(INDEX(April!$AJ:$AJ,MATCH($A26,April!$A:$A,0)),0)+IFERROR(INDEX(May!$AK:$AK,MATCH($A26,May!$A:$A,0)),0)+IFERROR(INDEX(June!$AJ:$AJ,MATCH($A26,June!$A:$A,0)),0)+IFERROR(INDEX(July!$AK:$AK,MATCH($A26,July!$A:$A,0)),0)+IFERROR(INDEX(August!$AK:$AK,MATCH($A26,August!$A:$A,0)),0)+IFERROR(INDEX(September!$AJ:$AJ,MATCH($A26,September!$A:$A,0)),0)+IFERROR(INDEX(October!$AK:$AK,MATCH($A26,October!$A:$A,0)),0)+IFERROR(INDEX(November!$AJ:$AJ,MATCH($A26,November!$A:$A,0)),0)+IFERROR(INDEX(December!$AK:$AK,MATCH($A26,December!$A:$A,0)),0) -> 25 | S26: =IF((P26+Q26)=0,"",P26/(P26+Q26)) -> 0.89655172 | U26: =IFERROR(INDEX(January!$AQ:$AQ,MATCH($A26,January!$A:$A,0)),0)+IFERROR(INDEX(February!$AN:$AN,MATCH($A26,February!$A:$A,0)),0)+IFERROR(INDEX(March!$AQ:$AQ,MATCH($A26,March!$A:$A,0)),0)+IFERROR(INDEX(April!$AP:$AP,MATCH($A26,April!$A:$A,0)),0)+IFERROR(INDEX(May!$AQ:$AQ,MATCH($A26,May!$A:$A,0)),0)+IFERROR(INDEX(June!$AP:$AP,MATCH($A26,June!$A:$A,0)),0)+IFERROR(INDEX(July!$AQ:$AQ,MATCH($A26,July!$A:$A,0)),0)+IFERROR(INDEX(August!$AQ:$AQ,MATCH($A26,August!$A:$A,0)),0)+IFERROR(INDEX(September!$AP:$AP,MATCH($A26,September!$A:$A,0)),0)+IFERROR(INDEX(October!$AQ:$AQ,MATCH($A26,October!$A:$A,0)),0)+IFERROR(INDEX(November!$AP:$AP,MATCH($A26,November!$A:$A,0)),0)+IFERROR(INDEX(December!$AQ:$AQ,MATCH($A26,December!$A:$A,0)),0) -> 271 | V26: =IFERROR(INDEX(January!$AJ:$AJ,MATCH($A26,January!$A:$A,0)),0)+IFERROR(INDEX(February!$AG:$AG,MATCH($A26,February!$A:$A,0)),0)+IFERROR(INDEX(March!$AJ:$AJ,MATCH($A26,March!$A:$A,0)),0)+IFERROR(INDEX(April!$AI:$AI,MATCH($A26,April!$A:$A,0)),0)+IFERROR(INDEX(May!$AJ:$AJ,MATCH($A26,May!$A:$A,0)),0)+IFERROR(INDEX(June!$AI:$AI,MATCH($A26,June!$A:$A,0)),0)+IFERROR(INDEX(July!$AJ:$AJ,MATCH($A26,July!$A:$A,0)),0)+IFERROR(INDEX(August!$AJ:$AJ,MATCH($A26,August!$A:$A,0)),0)+IFERROR(INDEX(September!$AI:$AI,MATCH($A26,September!$A:$A,0)),0)+IFERROR(INDEX(October!$AJ:$AJ,MATCH($A26,October!$A:$A,0)),0)+IFERROR(INDEX(November!$AI:$AI,MATCH($A26,November!$A:$A,0)),0)+IFERROR(INDEX(December!$AJ:$AJ,MATCH($A26,December!$A:$A,0)),0) -> 27 | W26: =IFERROR(INDEX(January!$AO:$AO,MATCH($A26,January!$A:$A,0)),0)+IFERROR(INDEX(February!$AL:$AL,MATCH($A26,February!$A:$A,0)),0)+IFERROR(INDEX(March!$AO:$AO,MATCH($A26,March!$A:$A,0)),0)+IFERROR(INDEX(April!$AN:$AN,MATCH($A26,April!$A:$A,0)),0)+IFERROR(INDEX(May!$AO:$AO,MATCH($A26,May!$A:$A,0)),0)+IFERROR(INDEX(June!$AN:$AN,MATCH($A26,June!$A:$A,0)),0)+IFERROR(INDEX(July!$AO:$AO,MATCH($A26,July!$A:$A,0)),0)+IFERROR(INDEX(August!$AO:$AO,MATCH($A26,August!$A:$A,0)),0)+IFERROR(INDEX(September!$AN:$AN,MATCH($A26,September!$A:$A,0)),0)+IFERROR(INDEX(October!$AO:$AO,MATCH($A26,October!$A:$A,0)),0)+IFERROR(INDEX(November!$AN:$AN,MATCH($A26,November!$A:$A,0)),0)+IFERROR(INDEX(December!$AO:$AO,MATCH($A26,December!$A:$A,0)),0) -> 11 | X26: =W26/2 -> 5.5 | Y26: =(IFERROR(INDEX(January!$AL:$AL,MATCH($A26,January!$A:$A,0)),0)+IFERROR(INDEX(February!$AI:$AI,MATCH($A26,February!$A:$A,0)),0)+IFERROR(INDEX(March!$AL:$AL,MATCH($A26,March!$A:$A,0)),0)+IFERROR(INDEX(April!$AK:$AK,MATCH($A26,April!$A:$A,0)),0)+IFERROR(INDEX(May!$AL:$AL,MATCH($A26,May!$A:$A,0)),0)+IFERROR(INDEX(June!$AK:$AK,MATCH($A26,June!$A:$A,0)),0)+IFERROR(INDEX(July!$AL:$AL,MATCH($A26,July!$A:$A,0)),0)+IFERROR(INDEX(August!$AL:$AL,MATCH($A26,August!$A:$A,0)),0)+IFERROR(INDEX(September!$AK:$AK,MATCH($A26,September!$A:$A,0)),0)+IFERROR(INDEX(October!$AL:$AL,MATCH($A26,October!$A:$A,0)),0)+IFERROR(INDEX(November!$AK:$AK,MATCH($A26,November!$A:$A,0)),0)+IFERROR(INDEX(December!$AL:$AL,MATCH($A26,December!$A:$A,0)),0))*0.5 -> 17.5 | Z26: =IFERROR(INDEX(January!$AK:$AK,MATCH($A26,January!$A:$A,0)),0)+IFERROR(INDEX(February!$AH:$AH,MATCH($A26,February!$A:$A,0)),0)+IFERROR(INDEX(March!$AK:$AK,MATCH($A26,March!$A:$A,0)),0)+IFERROR(INDEX(April!$AJ:$AJ,MATCH($A26,April!$A:$A,0)),0)+IFERROR(INDEX(May!$AK:$AK,MATCH($A26,May!$A:$A,0)),0)+IFERROR(INDEX(June!$AJ:$AJ,MATCH($A26,June!$A:$A,0)),0)+IFERROR(INDEX(July!$AK:$AK,MATCH($A26,July!$A:$A,0)),0)+IFERROR(INDEX(August!$AK:$AK,MATCH($A26,August!$A:$A,0)),0)+IFERROR(INDEX(September!$AJ:$AJ,MATCH($A26,September!$A:$A,0)),0)+IFERROR(INDEX(October!$AK:$AK,MATCH($A26,October!$A:$A,0)),0)+IFERROR(INDEX(November!$AJ:$AJ,MATCH($A26,November!$A:$A,0)),0)+IFERROR(INDEX(December!$AK:$AK,MATCH($A26,December!$A:$A,0)),0) -> 25 | AA26: =Y26+Z26 -> 42.5 | AB26: 17 | AC26: =AA26+IF(AB26="",0,AB26) -> 59.5 | AE26: =AC26-IF(AD26="",0,AD26) -> 59.5
A27: 228 | B27: RUBAYIZA JEAN DE DIEU | C27: MAINTENANCE | D27: 15 | E27: 24 | F27: 27 | G27: 20 | H27: 26 | I27: 25 | J27: 25 | K27: 23 | L27: 28 | M27: 26 | N27: 23 | O27: 21 | P27: =IFERROR(INDEX(January!$AI:$AI,MATCH($A27,January!$A:$A,0)),0)+IFERROR(INDEX(February!$AF:$AF,MATCH($A27,February!$A:$A,0)),0)+IFERROR(INDEX(March!$AI:$AI,MATCH($A27,March!$A:$A,0)),0)+IFERROR(INDEX(April!$AH:$AH,MATCH($A27,April!$A:$A,0)),0)+IFERROR(INDEX(May!$AI:$AI,MATCH($A27,May!$A:$A,0)),0)+IFERROR(INDEX(June!$AH:$AH,MATCH($A27,June!$A:$A,0)),0)+IFERROR(INDEX(July!$AI:$AI,MATCH($A27,July!$A:$A,0)),0)+IFERROR(INDEX(August!$AI:$AI,MATCH($A27,August!$A:$A,0)),0)+IFERROR(INDEX(September!$AH:$AH,MATCH($A27,September!$A:$A,0)),0)+IFERROR(INDEX(October!$AI:$AI,MATCH($A27,October!$A:$A,0)),0)+IFERROR(INDEX(November!$AH:$AH,MATCH($A27,November!$A:$A,0)),0)+IFERROR(INDEX(December!$AI:$AI,MATCH($A27,December!$A:$A,0)),0) -> 235 | Q27: =IFERROR(INDEX(January!$AJ:$AJ,MATCH($A27,January!$A:$A,0)),0)+IFERROR(INDEX(February!$AG:$AG,MATCH($A27,February!$A:$A,0)),0)+IFERROR(INDEX(March!$AJ:$AJ,MATCH($A27,March!$A:$A,0)),0)+IFERROR(INDEX(April!$AI:$AI,MATCH($A27,April!$A:$A,0)),0)+IFERROR(INDEX(May!$AJ:$AJ,MATCH($A27,May!$A:$A,0)),0)+IFERROR(INDEX(June!$AI:$AI,MATCH($A27,June!$A:$A,0)),0)+IFERROR(INDEX(July!$AJ:$AJ,MATCH($A27,July!$A:$A,0)),0)+IFERROR(INDEX(August!$AJ:$AJ,MATCH($A27,August!$A:$A,0)),0)+IFERROR(INDEX(September!$AI:$AI,MATCH($A27,September!$A:$A,0)),0)+IFERROR(INDEX(October!$AJ:$AJ,MATCH($A27,October!$A:$A,0)),0)+IFERROR(INDEX(November!$AI:$AI,MATCH($A27,November!$A:$A,0)),0)+IFERROR(INDEX(December!$AJ:$AJ,MATCH($A27,December!$A:$A,0)),0) -> 26 | R27: =IFERROR(INDEX(January!$AK:$AK,MATCH($A27,January!$A:$A,0)),0)+IFERROR(INDEX(February!$AH:$AH,MATCH($A27,February!$A:$A,0)),0)+IFERROR(INDEX(March!$AK:$AK,MATCH($A27,March!$A:$A,0)),0)+IFERROR(INDEX(April!$AJ:$AJ,MATCH($A27,April!$A:$A,0)),0)+IFERROR(INDEX(May!$AK:$AK,MATCH($A27,May!$A:$A,0)),0)+IFERROR(INDEX(June!$AJ:$AJ,MATCH($A27,June!$A:$A,0)),0)+IFERROR(INDEX(July!$AK:$AK,MATCH($A27,July!$A:$A,0)),0)+IFERROR(INDEX(August!$AK:$AK,MATCH($A27,August!$A:$A,0)),0)+IFERROR(INDEX(September!$AJ:$AJ,MATCH($A27,September!$A:$A,0)),0)+IFERROR(INDEX(October!$AK:$AK,MATCH($A27,October!$A:$A,0)),0)+IFERROR(INDEX(November!$AJ:$AJ,MATCH($A27,November!$A:$A,0)),0)+IFERROR(INDEX(December!$AK:$AK,MATCH($A27,December!$A:$A,0)),0) -> 23 | S27: =IF((P27+Q27)=0,"",P27/(P27+Q27)) -> 0.90038314 | U27: =IFERROR(INDEX(January!$AQ:$AQ,MATCH($A27,January!$A:$A,0)),0)+IFERROR(INDEX(February!$AN:$AN,MATCH($A27,February!$A:$A,0)),0)+IFERROR(INDEX(March!$AQ:$AQ,MATCH($A27,March!$A:$A,0)),0)+IFERROR(INDEX(April!$AP:$AP,MATCH($A27,April!$A:$A,0)),0)+IFERROR(INDEX(May!$AQ:$AQ,MATCH($A27,May!$A:$A,0)),0)+IFERROR(INDEX(June!$AP:$AP,MATCH($A27,June!$A:$A,0)),0)+IFERROR(INDEX(July!$AQ:$AQ,MATCH($A27,July!$A:$A,0)),0)+IFERROR(INDEX(August!$AQ:$AQ,MATCH($A27,August!$A:$A,0)),0)+IFERROR(INDEX(September!$AP:$AP,MATCH($A27,September!$A:$A,0)),0)+IFERROR(INDEX(October!$AQ:$AQ,MATCH($A27,October!$A:$A,0)),0)+IFERROR(INDEX(November!$AP:$AP,MATCH($A27,November!$A:$A,0)),0)+IFERROR(INDEX(December!$AQ:$AQ,MATCH($A27,December!$A:$A,0)),0) -> 262 | V27: =IFERROR(INDEX(January!$AJ:$AJ,MATCH($A27,January!$A:$A,0)),0)+IFERROR(INDEX(February!$AG:$AG,MATCH($A27,February!$A:$A,0)),0)+IFERROR(INDEX(March!$AJ:$AJ,MATCH($A27,March!$A:$A,0)),0)+IFERROR(INDEX(April!$AI:$AI,MATCH($A27,April!$A:$A,0)),0)+IFERROR(INDEX(May!$AJ:$AJ,MATCH($A27,May!$A:$A,0)),0)+IFERROR(INDEX(June!$AI:$AI,MATCH($A27,June!$A:$A,0)),0)+IFERROR(INDEX(July!$AJ:$AJ,MATCH($A27,July!$A:$A,0)),0)+IFERROR(INDEX(August!$AJ:$AJ,MATCH($A27,August!$A:$A,0)),0)+IFERROR(INDEX(September!$AI:$AI,MATCH($A27,September!$A:$A,0)),0)+IFERROR(INDEX(October!$AJ:$AJ,MATCH($A27,October!$A:$A,0)),0)+IFERROR(INDEX(November!$AI:$AI,MATCH($A27,November!$A:$A,0)),0)+IFERROR(INDEX(December!$AJ:$AJ,MATCH($A27,December!$A:$A,0)),0) -> 26 | W27: =IFERROR(INDEX(January!$AO:$AO,MATCH($A27,January!$A:$A,0)),0)+IFERROR(INDEX(February!$AL:$AL,MATCH($A27,February!$A:$A,0)),0)+IFERROR(INDEX(March!$AO:$AO,MATCH($A27,March!$A:$A,0)),0)+IFERROR(INDEX(April!$AN:$AN,MATCH($A27,April!$A:$A,0)),0)+IFERROR(INDEX(May!$AO:$AO,MATCH($A27,May!$A:$A,0)),0)+IFERROR(INDEX(June!$AN:$AN,MATCH($A27,June!$A:$A,0)),0)+IFERROR(INDEX(July!$AO:$AO,MATCH($A27,July!$A:$A,0)),0)+IFERROR(INDEX(August!$AO:$AO,MATCH($A27,August!$A:$A,0)),0)+IFERROR(INDEX(September!$AN:$AN,MATCH($A27,September!$A:$A,0)),0)+IFERROR(INDEX(October!$AO:$AO,MATCH($A27,October!$A:$A,0)),0)+IFERROR(INDEX(November!$AN:$AN,MATCH($A27,November!$A:$A,0)),0)+IFERROR(INDEX(December!$AO:$AO,MATCH($A27,December!$A:$A,0)),0) -> 17 | X27: =W27/2 -> 8.5 | Y27: =(IFERROR(INDEX(January!$AL:$AL,MATCH($A27,January!$A:$A,0)),0)+IFERROR(INDEX(February!$AI:$AI,MATCH($A27,February!$A:$A,0)),0)+IFERROR(INDEX(March!$AL:$AL,MATCH($A27,March!$A:$A,0)),0)+IFERROR(INDEX(April!$AK:$AK,MATCH($A27,April!$A:$A,0)),0)+IFERROR(INDEX(May!$AL:$AL,MATCH($A27,May!$A:$A,0)),0)+IFERROR(INDEX(June!$AK:$AK,MATCH($A27,June!$A:$A,0)),0)+IFERROR(INDEX(July!$AL:$AL,MATCH($A27,July!$A:$A,0)),0)+IFERROR(INDEX(August!$AL:$AL,MATCH($A27,August!$A:$A,0)),0)+IFERROR(INDEX(September!$AK:$AK,MATCH($A27,September!$A:$A,0)),0)+IFERROR(INDEX(October!$AL:$AL,MATCH($A27,October!$A:$A,0)),0)+IFERROR(INDEX(November!$AK:$AK,MATCH($A27,November!$A:$A,0)),0)+IFERROR(INDEX(December!$AL:$AL,MATCH($A27,December!$A:$A,0)),0))*0.5 -> 12.5 | Z27: =IFERROR(INDEX(January!$AK:$AK,MATCH($A27,January!$A:$A,0)),0)+IFERROR(INDEX(February!$AH:$AH,MATCH($A27,February!$A:$A,0)),0)+IFERROR(INDEX(March!$AK:$AK,MATCH($A27,March!$A:$A,0)),0)+IFERROR(INDEX(April!$AJ:$AJ,MATCH($A27,April!$A:$A,0)),0)+IFERROR(INDEX(May!$AK:$AK,MATCH($A27,May!$A:$A,0)),0)+IFERROR(INDEX(June!$AJ:$AJ,MATCH($A27,June!$A:$A,0)),0)+IFERROR(INDEX(July!$AK:$AK,MATCH($A27,July!$A:$A,0)),0)+IFERROR(INDEX(August!$AK:$AK,MATCH($A27,August!$A:$A,0)),0)+IFERROR(INDEX(September!$AJ:$AJ,MATCH($A27,September!$A:$A,0)),0)+IFERROR(INDEX(October!$AK:$AK,MATCH($A27,October!$A:$A,0)),0)+IFERROR(INDEX(November!$AJ:$AJ,MATCH($A27,November!$A:$A,0)),0)+IFERROR(INDEX(December!$AK:$AK,MATCH($A27,December!$A:$A,0)),0) -> 23 | AA27: =Y27+Z27 -> 35.5 | AB27: 17 | AC27: =AA27+IF(AB27="",0,AB27) -> 52.5 | AE27: =AC27-IF(AD27="",0,AD27) -> 52.5
A28: 231 | B28: MANIRAREBA MANASSEH | C28: MAINTENANCE | D28: 12 | E28: 25 | F28: 24 | G28: 3 | H28: 28 | I28: 24 | J28: 25 | K28: 23 | L28: 28 | M28: 27 | N28: 7 | O28: 10 | P28: =IFERROR(INDEX(January!$AI:$AI,MATCH($A28,January!$A:$A,0)),0)+IFERROR(INDEX(February!$AF:$AF,MATCH($A28,February!$A:$A,0)),0)+IFERROR(INDEX(March!$AI:$AI,MATCH($A28,March!$A:$A,0)),0)+IFERROR(INDEX(April!$AH:$AH,MATCH($A28,April!$A:$A,0)),0)+IFERROR(INDEX(May!$AI:$AI,MATCH($A28,May!$A:$A,0)),0)+IFERROR(INDEX(June!$AH:$AH,MATCH($A28,June!$A:$A,0)),0)+IFERROR(INDEX(July!$AI:$AI,MATCH($A28,July!$A:$A,0)),0)+IFERROR(INDEX(August!$AI:$AI,MATCH($A28,August!$A:$A,0)),0)+IFERROR(INDEX(September!$AH:$AH,MATCH($A28,September!$A:$A,0)),0)+IFERROR(INDEX(October!$AI:$AI,MATCH($A28,October!$A:$A,0)),0)+IFERROR(INDEX(November!$AH:$AH,MATCH($A28,November!$A:$A,0)),0)+IFERROR(INDEX(December!$AI:$AI,MATCH($A28,December!$A:$A,0)),0) -> 192 | Q28: =IFERROR(INDEX(January!$AJ:$AJ,MATCH($A28,January!$A:$A,0)),0)+IFERROR(INDEX(February!$AG:$AG,MATCH($A28,February!$A:$A,0)),0)+IFERROR(INDEX(March!$AJ:$AJ,MATCH($A28,March!$A:$A,0)),0)+IFERROR(INDEX(April!$AI:$AI,MATCH($A28,April!$A:$A,0)),0)+IFERROR(INDEX(May!$AJ:$AJ,MATCH($A28,May!$A:$A,0)),0)+IFERROR(INDEX(June!$AI:$AI,MATCH($A28,June!$A:$A,0)),0)+IFERROR(INDEX(July!$AJ:$AJ,MATCH($A28,July!$A:$A,0)),0)+IFERROR(INDEX(August!$AJ:$AJ,MATCH($A28,August!$A:$A,0)),0)+IFERROR(INDEX(September!$AI:$AI,MATCH($A28,September!$A:$A,0)),0)+IFERROR(INDEX(October!$AJ:$AJ,MATCH($A28,October!$A:$A,0)),0)+IFERROR(INDEX(November!$AI:$AI,MATCH($A28,November!$A:$A,0)),0)+IFERROR(INDEX(December!$AJ:$AJ,MATCH($A28,December!$A:$A,0)),0) -> 69 | R28: =IFERROR(INDEX(January!$AK:$AK,MATCH($A28,January!$A:$A,0)),0)+IFERROR(INDEX(February!$AH:$AH,MATCH($A28,February!$A:$A,0)),0)+IFERROR(INDEX(March!$AK:$AK,MATCH($A28,March!$A:$A,0)),0)+IFERROR(INDEX(April!$AJ:$AJ,MATCH($A28,April!$A:$A,0)),0)+IFERROR(INDEX(May!$AK:$AK,MATCH($A28,May!$A:$A,0)),0)+IFERROR(INDEX(June!$AJ:$AJ,MATCH($A28,June!$A:$A,0)),0)+IFERROR(INDEX(July!$AK:$AK,MATCH($A28,July!$A:$A,0)),0)+IFERROR(INDEX(August!$AK:$AK,MATCH($A28,August!$A:$A,0)),0)+IFERROR(INDEX(September!$AJ:$AJ,MATCH($A28,September!$A:$A,0)),0)+IFERROR(INDEX(October!$AK:$AK,MATCH($A28,October!$A:$A,0)),0)+IFERROR(INDEX(November!$AJ:$AJ,MATCH($A28,November!$A:$A,0)),0)+IFERROR(INDEX(December!$AK:$AK,MATCH($A28,December!$A:$A,0)),0) -> 21 | S28: =IF((P28+Q28)=0,"",P28/(P28+Q28)) -> 0.73563218 | U28: =IFERROR(INDEX(January!$AQ:$AQ,MATCH($A28,January!$A:$A,0)),0)+IFERROR(INDEX(February!$AN:$AN,MATCH($A28,February!$A:$A,0)),0)+IFERROR(INDEX(March!$AQ:$AQ,MATCH($A28,March!$A:$A,0)),0)+IFERROR(INDEX(April!$AP:$AP,MATCH($A28,April!$A:$A,0)),0)+IFERROR(INDEX(May!$AQ:$AQ,MATCH($A28,May!$A:$A,0)),0)+IFERROR(INDEX(June!$AP:$AP,MATCH($A28,June!$A:$A,0)),0)+IFERROR(INDEX(July!$AQ:$AQ,MATCH($A28,July!$A:$A,0)),0)+IFERROR(INDEX(August!$AQ:$AQ,MATCH($A28,August!$A:$A,0)),0)+IFERROR(INDEX(September!$AP:$AP,MATCH($A28,September!$A:$A,0)),0)+IFERROR(INDEX(October!$AQ:$AQ,MATCH($A28,October!$A:$A,0)),0)+IFERROR(INDEX(November!$AP:$AP,MATCH($A28,November!$A:$A,0)),0)+IFERROR(INDEX(December!$AQ:$AQ,MATCH($A28,December!$A:$A,0)),0) -> 218 | V28: =IFERROR(INDEX(January!$AJ:$AJ,MATCH($A28,January!$A:$A,0)),0)+IFERROR(INDEX(February!$AG:$AG,MATCH($A28,February!$A:$A,0)),0)+IFERROR(INDEX(March!$AJ:$AJ,MATCH($A28,March!$A:$A,0)),0)+IFERROR(INDEX(April!$AI:$AI,MATCH($A28,April!$A:$A,0)),0)+IFERROR(INDEX(May!$AJ:$AJ,MATCH($A28,May!$A:$A,0)),0)+IFERROR(INDEX(June!$AI:$AI,MATCH($A28,June!$A:$A,0)),0)+IFERROR(INDEX(July!$AJ:$AJ,MATCH($A28,July!$A:$A,0)),0)+IFERROR(INDEX(August!$AJ:$AJ,MATCH($A28,August!$A:$A,0)),0)+IFERROR(INDEX(September!$AI:$AI,MATCH($A28,September!$A:$A,0)),0)+IFERROR(INDEX(October!$AJ:$AJ,MATCH($A28,October!$A:$A,0)),0)+IFERROR(INDEX(November!$AI:$AI,MATCH($A28,November!$A:$A,0)),0)+IFERROR(INDEX(December!$AJ:$AJ,MATCH($A28,December!$A:$A,0)),0) -> 69 | W28: =IFERROR(INDEX(January!$AO:$AO,MATCH($A28,January!$A:$A,0)),0)+IFERROR(INDEX(February!$AL:$AL,MATCH($A28,February!$A:$A,0)),0)+IFERROR(INDEX(March!$AO:$AO,MATCH($A28,March!$A:$A,0)),0)+IFERROR(INDEX(April!$AN:$AN,MATCH($A28,April!$A:$A,0)),0)+IFERROR(INDEX(May!$AO:$AO,MATCH($A28,May!$A:$A,0)),0)+IFERROR(INDEX(June!$AN:$AN,MATCH($A28,June!$A:$A,0)),0)+IFERROR(INDEX(July!$AO:$AO,MATCH($A28,July!$A:$A,0)),0)+IFERROR(INDEX(August!$AO:$AO,MATCH($A28,August!$A:$A,0)),0)+IFERROR(INDEX(September!$AN:$AN,MATCH($A28,September!$A:$A,0)),0)+IFERROR(INDEX(October!$AO:$AO,MATCH($A28,October!$A:$A,0)),0)+IFERROR(INDEX(November!$AN:$AN,MATCH($A28,November!$A:$A,0)),0)+IFERROR(INDEX(December!$AO:$AO,MATCH($A28,December!$A:$A,0)),0) -> 13 | X28: =W28/2 -> 6.5 | Y28: =(IFERROR(INDEX(January!$AL:$AL,MATCH($A28,January!$A:$A,0)),0)+IFERROR(INDEX(February!$AI:$AI,MATCH($A28,February!$A:$A,0)),0)+IFERROR(INDEX(March!$AL:$AL,MATCH($A28,March!$A:$A,0)),0)+IFERROR(INDEX(April!$AK:$AK,MATCH($A28,April!$A:$A,0)),0)+IFERROR(INDEX(May!$AL:$AL,MATCH($A28,May!$A:$A,0)),0)+IFERROR(INDEX(June!$AK:$AK,MATCH($A28,June!$A:$A,0)),0)+IFERROR(INDEX(July!$AL:$AL,MATCH($A28,July!$A:$A,0)),0)+IFERROR(INDEX(August!$AL:$AL,MATCH($A28,August!$A:$A,0)),0)+IFERROR(INDEX(September!$AK:$AK,MATCH($A28,September!$A:$A,0)),0)+IFERROR(INDEX(October!$AL:$AL,MATCH($A28,October!$A:$A,0)),0)+IFERROR(INDEX(November!$AK:$AK,MATCH($A28,November!$A:$A,0)),0)+IFERROR(INDEX(December!$AL:$AL,MATCH($A28,December!$A:$A,0)),0))*0.5 -> 11.5 | Z28: =IFERROR(INDEX(January!$AK:$AK,MATCH($A28,January!$A:$A,0)),0)+IFERROR(INDEX(February!$AH:$AH,MATCH($A28,February!$A:$A,0)),0)+IFERROR(INDEX(March!$AK:$AK,MATCH($A28,March!$A:$A,0)),0)+IFERROR(INDEX(April!$AJ:$AJ,MATCH($A28,April!$A:$A,0)),0)+IFERROR(INDEX(May!$AK:$AK,MATCH($A28,May!$A:$A,0)),0)+IFERROR(INDEX(June!$AJ:$AJ,MATCH($A28,June!$A:$A,0)),0)+IFERROR(INDEX(July!$AK:$AK,MATCH($A28,July!$A:$A,0)),0)+IFERROR(INDEX(August!$AK:$AK,MATCH($A28,August!$A:$A,0)),0)+IFERROR(INDEX(September!$AJ:$AJ,MATCH($A28,September!$A:$A,0)),0)+IFERROR(INDEX(October!$AK:$AK,MATCH($A28,October!$A:$A,0)),0)+IFERROR(INDEX(November!$AJ:$AJ,MATCH($A28,November!$A:$A,0)),0)+IFERROR(INDEX(December!$AK:$AK,MATCH($A28,December!$A:$A,0)),0) -> 21 | AA28: =Y28+Z28 -> 32.5 | AB28: 17 | AC28: =AA28+IF(AB28="",0,AB28) -> 49.5 | AE28: =AC28-IF(AD28="",0,AD28) -> 49.5
A29: 239 | B29: GATETE JIMMY | C29: MAINTENANCE | D29: 31 | E29: 25 | F29: 30 | G29: 27 | H29: 24 | I29: 24 | J29: 29 | K29: 28 | L29: 24 | M29: 27 | N29: 6 | O29: 22 | P29: =IFERROR(INDEX(January!$AI:$AI,MATCH($A29,January!$A:$A,0)),0)+IFERROR(INDEX(February!$AF:$AF,MATCH($A29,February!$A:$A,0)),0)+IFERROR(INDEX(March!$AI:$AI,MATCH($A29,March!$A:$A,0)),0)+IFERROR(INDEX(April!$AH:$AH,MATCH($A29,April!$A:$A,0)),0)+IFERROR(INDEX(May!$AI:$AI,MATCH($A29,May!$A:$A,0)),0)+IFERROR(INDEX(June!$AH:$AH,MATCH($A29,June!$A:$A,0)),0)+IFERROR(INDEX(July!$AI:$AI,MATCH($A29,July!$A:$A,0)),0)+IFERROR(INDEX(August!$AI:$AI,MATCH($A29,August!$A:$A,0)),0)+IFERROR(INDEX(September!$AH:$AH,MATCH($A29,September!$A:$A,0)),0)+IFERROR(INDEX(October!$AI:$AI,MATCH($A29,October!$A:$A,0)),0)+IFERROR(INDEX(November!$AH:$AH,MATCH($A29,November!$A:$A,0)),0)+IFERROR(INDEX(December!$AI:$AI,MATCH($A29,December!$A:$A,0)),0) -> 228 | Q29: =IFERROR(INDEX(January!$AJ:$AJ,MATCH($A29,January!$A:$A,0)),0)+IFERROR(INDEX(February!$AG:$AG,MATCH($A29,February!$A:$A,0)),0)+IFERROR(INDEX(March!$AJ:$AJ,MATCH($A29,March!$A:$A,0)),0)+IFERROR(INDEX(April!$AI:$AI,MATCH($A29,April!$A:$A,0)),0)+IFERROR(INDEX(May!$AJ:$AJ,MATCH($A29,May!$A:$A,0)),0)+IFERROR(INDEX(June!$AI:$AI,MATCH($A29,June!$A:$A,0)),0)+IFERROR(INDEX(July!$AJ:$AJ,MATCH($A29,July!$A:$A,0)),0)+IFERROR(INDEX(August!$AJ:$AJ,MATCH($A29,August!$A:$A,0)),0)+IFERROR(INDEX(September!$AI:$AI,MATCH($A29,September!$A:$A,0)),0)+IFERROR(INDEX(October!$AJ:$AJ,MATCH($A29,October!$A:$A,0)),0)+IFERROR(INDEX(November!$AI:$AI,MATCH($A29,November!$A:$A,0)),0)+IFERROR(INDEX(December!$AJ:$AJ,MATCH($A29,December!$A:$A,0)),0) -> 33 | R29: =IFERROR(INDEX(January!$AK:$AK,MATCH($A29,January!$A:$A,0)),0)+IFERROR(INDEX(February!$AH:$AH,MATCH($A29,February!$A:$A,0)),0)+IFERROR(INDEX(March!$AK:$AK,MATCH($A29,March!$A:$A,0)),0)+IFERROR(INDEX(April!$AJ:$AJ,MATCH($A29,April!$A:$A,0)),0)+IFERROR(INDEX(May!$AK:$AK,MATCH($A29,May!$A:$A,0)),0)+IFERROR(INDEX(June!$AJ:$AJ,MATCH($A29,June!$A:$A,0)),0)+IFERROR(INDEX(July!$AK:$AK,MATCH($A29,July!$A:$A,0)),0)+IFERROR(INDEX(August!$AK:$AK,MATCH($A29,August!$A:$A,0)),0)+IFERROR(INDEX(September!$AJ:$AJ,MATCH($A29,September!$A:$A,0)),0)+IFERROR(INDEX(October!$AK:$AK,MATCH($A29,October!$A:$A,0)),0)+IFERROR(INDEX(November!$AJ:$AJ,MATCH($A29,November!$A:$A,0)),0)+IFERROR(INDEX(December!$AK:$AK,MATCH($A29,December!$A:$A,0)),0) -> 32 | S29: =IF((P29+Q29)=0,"",P29/(P29+Q29)) -> 0.87356322 | U29: =IFERROR(INDEX(January!$AQ:$AQ,MATCH($A29,January!$A:$A,0)),0)+IFERROR(INDEX(February!$AN:$AN,MATCH($A29,February!$A:$A,0)),0)+IFERROR(INDEX(March!$AQ:$AQ,MATCH($A29,March!$A:$A,0)),0)+IFERROR(INDEX(April!$AP:$AP,MATCH($A29,April!$A:$A,0)),0)+IFERROR(INDEX(May!$AQ:$AQ,MATCH($A29,May!$A:$A,0)),0)+IFERROR(INDEX(June!$AP:$AP,MATCH($A29,June!$A:$A,0)),0)+IFERROR(INDEX(July!$AQ:$AQ,MATCH($A29,July!$A:$A,0)),0)+IFERROR(INDEX(August!$AQ:$AQ,MATCH($A29,August!$A:$A,0)),0)+IFERROR(INDEX(September!$AP:$AP,MATCH($A29,September!$A:$A,0)),0)+IFERROR(INDEX(October!$AQ:$AQ,MATCH($A29,October!$A:$A,0)),0)+IFERROR(INDEX(November!$AP:$AP,MATCH($A29,November!$A:$A,0)),0)+IFERROR(INDEX(December!$AQ:$AQ,MATCH($A29,December!$A:$A,0)),0) -> 274 | V29: =IFERROR(INDEX(January!$AJ:$AJ,MATCH($A29,January!$A:$A,0)),0)+IFERROR(INDEX(February!$AG:$AG,MATCH($A29,February!$A:$A,0)),0)+IFERROR(INDEX(March!$AJ:$AJ,MATCH($A29,March!$A:$A,0)),0)+IFERROR(INDEX(April!$AI:$AI,MATCH($A29,April!$A:$A,0)),0)+IFERROR(INDEX(May!$AJ:$AJ,MATCH($A29,May!$A:$A,0)),0)+IFERROR(INDEX(June!$AI:$AI,MATCH($A29,June!$A:$A,0)),0)+IFERROR(INDEX(July!$AJ:$AJ,MATCH($A29,July!$A:$A,0)),0)+IFERROR(INDEX(August!$AJ:$AJ,MATCH($A29,August!$A:$A,0)),0)+IFERROR(INDEX(September!$AI:$AI,MATCH($A29,September!$A:$A,0)),0)+IFERROR(INDEX(October!$AJ:$AJ,MATCH($A29,October!$A:$A,0)),0)+IFERROR(INDEX(November!$AI:$AI,MATCH($A29,November!$A:$A,0)),0)+IFERROR(INDEX(December!$AJ:$AJ,MATCH($A29,December!$A:$A,0)),0) -> 33 | W29: =IFERROR(INDEX(January!$AO:$AO,MATCH($A29,January!$A:$A,0)),0)+IFERROR(INDEX(February!$AL:$AL,MATCH($A29,February!$A:$A,0)),0)+IFERROR(INDEX(March!$AO:$AO,MATCH($A29,March!$A:$A,0)),0)+IFERROR(INDEX(April!$AN:$AN,MATCH($A29,April!$A:$A,0)),0)+IFERROR(INDEX(May!$AO:$AO,MATCH($A29,May!$A:$A,0)),0)+IFERROR(INDEX(June!$AN:$AN,MATCH($A29,June!$A:$A,0)),0)+IFERROR(INDEX(July!$AO:$AO,MATCH($A29,July!$A:$A,0)),0)+IFERROR(INDEX(August!$AO:$AO,MATCH($A29,August!$A:$A,0)),0)+IFERROR(INDEX(September!$AN:$AN,MATCH($A29,September!$A:$A,0)),0)+IFERROR(INDEX(October!$AO:$AO,MATCH($A29,October!$A:$A,0)),0)+IFERROR(INDEX(November!$AN:$AN,MATCH($A29,November!$A:$A,0)),0)+IFERROR(INDEX(December!$AO:$AO,MATCH($A29,December!$A:$A,0)),0) -> 9 | X29: =W29/2 -> 4.5 | Y29: =(IFERROR(INDEX(January!$AL:$AL,MATCH($A29,January!$A:$A,0)),0)+IFERROR(INDEX(February!$AI:$AI,MATCH($A29,February!$A:$A,0)),0)+IFERROR(INDEX(March!$AL:$AL,MATCH($A29,March!$A:$A,0)),0)+IFERROR(INDEX(April!$AK:$AK,MATCH($A29,April!$A:$A,0)),0)+IFERROR(INDEX(May!$AL:$AL,MATCH($A29,May!$A:$A,0)),0)+IFERROR(INDEX(June!$AK:$AK,MATCH($A29,June!$A:$A,0)),0)+IFERROR(INDEX(July!$AL:$AL,MATCH($A29,July!$A:$A,0)),0)+IFERROR(INDEX(August!$AL:$AL,MATCH($A29,August!$A:$A,0)),0)+IFERROR(INDEX(September!$AK:$AK,MATCH($A29,September!$A:$A,0)),0)+IFERROR(INDEX(October!$AL:$AL,MATCH($A29,October!$A:$A,0)),0)+IFERROR(INDEX(November!$AK:$AK,MATCH($A29,November!$A:$A,0)),0)+IFERROR(INDEX(December!$AL:$AL,MATCH($A29,December!$A:$A,0)),0))*0.5 -> 18.5 | Z29: =IFERROR(INDEX(January!$AK:$AK,MATCH($A29,January!$A:$A,0)),0)+IFERROR(INDEX(February!$AH:$AH,MATCH($A29,February!$A:$A,0)),0)+IFERROR(INDEX(March!$AK:$AK,MATCH($A29,March!$A:$A,0)),0)+IFERROR(INDEX(April!$AJ:$AJ,MATCH($A29,April!$A:$A,0)),0)+IFERROR(INDEX(May!$AK:$AK,MATCH($A29,May!$A:$A,0)),0)+IFERROR(INDEX(June!$AJ:$AJ,MATCH($A29,June!$A:$A,0)),0)+IFERROR(INDEX(July!$AK:$AK,MATCH($A29,July!$A:$A,0)),0)+IFERROR(INDEX(August!$AK:$AK,MATCH($A29,August!$A:$A,0)),0)+IFERROR(INDEX(September!$AJ:$AJ,MATCH($A29,September!$A:$A,0)),0)+IFERROR(INDEX(October!$AK:$AK,MATCH($A29,October!$A:$A,0)),0)+IFERROR(INDEX(November!$AJ:$AJ,MATCH($A29,November!$A:$A,0)),0)+IFERROR(INDEX(December!$AK:$AK,MATCH($A29,December!$A:$A,0)),0) -> 32 | AA29: =Y29+Z29 -> 50.5 | AB29: 17 | AC29: =AA29+IF(AB29="",0,AB29) -> 67.5 | AD29: 54 | AE29: =AC29-IF(AD29="",0,AD29) -> 13.5
A30: 245 | B30: NZEYIMANA JEAN CLAUDE | C30: MAINTENANCE | D30: 28 | E30: 8 | F30: 29 | G30: 23 | H30: 28 | I30: 28 | J30: 29 | K30: 27 | L30: 25 | M30: 11 | N30: 12 | O30: 21 | P30: =IFERROR(INDEX(January!$AI:$AI,MATCH($A30,January!$A:$A,0)),0)+IFERROR(INDEX(February!$AF:$AF,MATCH($A30,February!$A:$A,0)),0)+IFERROR(INDEX(March!$AI:$AI,MATCH($A30,March!$A:$A,0)),0)+IFERROR(INDEX(April!$AH:$AH,MATCH($A30,April!$A:$A,0)),0)+IFERROR(INDEX(May!$AI:$AI,MATCH($A30,May!$A:$A,0)),0)+IFERROR(INDEX(June!$AH:$AH,MATCH($A30,June!$A:$A,0)),0)+IFERROR(INDEX(July!$AI:$AI,MATCH($A30,July!$A:$A,0)),0)+IFERROR(INDEX(August!$AI:$AI,MATCH($A30,August!$A:$A,0)),0)+IFERROR(INDEX(September!$AH:$AH,MATCH($A30,September!$A:$A,0)),0)+IFERROR(INDEX(October!$AI:$AI,MATCH($A30,October!$A:$A,0)),0)+IFERROR(INDEX(November!$AH:$AH,MATCH($A30,November!$A:$A,0)),0)+IFERROR(INDEX(December!$AI:$AI,MATCH($A30,December!$A:$A,0)),0) -> 213 | Q30: =IFERROR(INDEX(January!$AJ:$AJ,MATCH($A30,January!$A:$A,0)),0)+IFERROR(INDEX(February!$AG:$AG,MATCH($A30,February!$A:$A,0)),0)+IFERROR(INDEX(March!$AJ:$AJ,MATCH($A30,March!$A:$A,0)),0)+IFERROR(INDEX(April!$AI:$AI,MATCH($A30,April!$A:$A,0)),0)+IFERROR(INDEX(May!$AJ:$AJ,MATCH($A30,May!$A:$A,0)),0)+IFERROR(INDEX(June!$AI:$AI,MATCH($A30,June!$A:$A,0)),0)+IFERROR(INDEX(July!$AJ:$AJ,MATCH($A30,July!$A:$A,0)),0)+IFERROR(INDEX(August!$AJ:$AJ,MATCH($A30,August!$A:$A,0)),0)+IFERROR(INDEX(September!$AI:$AI,MATCH($A30,September!$A:$A,0)),0)+IFERROR(INDEX(October!$AJ:$AJ,MATCH($A30,October!$A:$A,0)),0)+IFERROR(INDEX(November!$AI:$AI,MATCH($A30,November!$A:$A,0)),0)+IFERROR(INDEX(December!$AJ:$AJ,MATCH($A30,December!$A:$A,0)),0) -> 48 | R30: =IFERROR(INDEX(January!$AK:$AK,MATCH($A30,January!$A:$A,0)),0)+IFERROR(INDEX(February!$AH:$AH,MATCH($A30,February!$A:$A,0)),0)+IFERROR(INDEX(March!$AK:$AK,MATCH($A30,March!$A:$A,0)),0)+IFERROR(INDEX(April!$AJ:$AJ,MATCH($A30,April!$A:$A,0)),0)+IFERROR(INDEX(May!$AK:$AK,MATCH($A30,May!$A:$A,0)),0)+IFERROR(INDEX(June!$AJ:$AJ,MATCH($A30,June!$A:$A,0)),0)+IFERROR(INDEX(July!$AK:$AK,MATCH($A30,July!$A:$A,0)),0)+IFERROR(INDEX(August!$AK:$AK,MATCH($A30,August!$A:$A,0)),0)+IFERROR(INDEX(September!$AJ:$AJ,MATCH($A30,September!$A:$A,0)),0)+IFERROR(INDEX(October!$AK:$AK,MATCH($A30,October!$A:$A,0)),0)+IFERROR(INDEX(November!$AJ:$AJ,MATCH($A30,November!$A:$A,0)),0)+IFERROR(INDEX(December!$AK:$AK,MATCH($A30,December!$A:$A,0)),0) -> 23 | S30: =IF((P30+Q30)=0,"",P30/(P30+Q30)) -> 0.81609195 | U30: =IFERROR(INDEX(January!$AQ:$AQ,MATCH($A30,January!$A:$A,0)),0)+IFERROR(INDEX(February!$AN:$AN,MATCH($A30,February!$A:$A,0)),0)+IFERROR(INDEX(March!$AQ:$AQ,MATCH($A30,March!$A:$A,0)),0)+IFERROR(INDEX(April!$AP:$AP,MATCH($A30,April!$A:$A,0)),0)+IFERROR(INDEX(May!$AQ:$AQ,MATCH($A30,May!$A:$A,0)),0)+IFERROR(INDEX(June!$AP:$AP,MATCH($A30,June!$A:$A,0)),0)+IFERROR(INDEX(July!$AQ:$AQ,MATCH($A30,July!$A:$A,0)),0)+IFERROR(INDEX(August!$AQ:$AQ,MATCH($A30,August!$A:$A,0)),0)+IFERROR(INDEX(September!$AP:$AP,MATCH($A30,September!$A:$A,0)),0)+IFERROR(INDEX(October!$AQ:$AQ,MATCH($A30,October!$A:$A,0)),0)+IFERROR(INDEX(November!$AP:$AP,MATCH($A30,November!$A:$A,0)),0)+IFERROR(INDEX(December!$AQ:$AQ,MATCH($A30,December!$A:$A,0)),0) -> 247 | V30: =IFERROR(INDEX(January!$AJ:$AJ,MATCH($A30,January!$A:$A,0)),0)+IFERROR(INDEX(February!$AG:$AG,MATCH($A30,February!$A:$A,0)),0)+IFERROR(INDEX(March!$AJ:$AJ,MATCH($A30,March!$A:$A,0)),0)+IFERROR(INDEX(April!$AI:$AI,MATCH($A30,April!$A:$A,0)),0)+IFERROR(INDEX(May!$AJ:$AJ,MATCH($A30,May!$A:$A,0)),0)+IFERROR(INDEX(June!$AI:$AI,MATCH($A30,June!$A:$A,0)),0)+IFERROR(INDEX(July!$AJ:$AJ,MATCH($A30,July!$A:$A,0)),0)+IFERROR(INDEX(August!$AJ:$AJ,MATCH($A30,August!$A:$A,0)),0)+IFERROR(INDEX(September!$AI:$AI,MATCH($A30,September!$A:$A,0)),0)+IFERROR(INDEX(October!$AJ:$AJ,MATCH($A30,October!$A:$A,0)),0)+IFERROR(INDEX(November!$AI:$AI,MATCH($A30,November!$A:$A,0)),0)+IFERROR(INDEX(December!$AJ:$AJ,MATCH($A30,December!$A:$A,0)),0) -> 48 | W30: =IFERROR(INDEX(January!$AO:$AO,MATCH($A30,January!$A:$A,0)),0)+IFERROR(INDEX(February!$AL:$AL,MATCH($A30,February!$A:$A,0)),0)+IFERROR(INDEX(March!$AO:$AO,MATCH($A30,March!$A:$A,0)),0)+IFERROR(INDEX(April!$AN:$AN,MATCH($A30,April!$A:$A,0)),0)+IFERROR(INDEX(May!$AO:$AO,MATCH($A30,May!$A:$A,0)),0)+IFERROR(INDEX(June!$AN:$AN,MATCH($A30,June!$A:$A,0)),0)+IFERROR(INDEX(July!$AO:$AO,MATCH($A30,July!$A:$A,0)),0)+IFERROR(INDEX(August!$AO:$AO,MATCH($A30,August!$A:$A,0)),0)+IFERROR(INDEX(September!$AN:$AN,MATCH($A30,September!$A:$A,0)),0)+IFERROR(INDEX(October!$AO:$AO,MATCH($A30,October!$A:$A,0)),0)+IFERROR(INDEX(November!$AN:$AN,MATCH($A30,November!$A:$A,0)),0)+IFERROR(INDEX(December!$AO:$AO,MATCH($A30,December!$A:$A,0)),0) -> 11 | X30: =W30/2 -> 5.5 | Y30: =(IFERROR(INDEX(January!$AL:$AL,MATCH($A30,January!$A:$A,0)),0)+IFERROR(INDEX(February!$AI:$AI,MATCH($A30,February!$A:$A,0)),0)+IFERROR(INDEX(March!$AL:$AL,MATCH($A30,March!$A:$A,0)),0)+IFERROR(INDEX(April!$AK:$AK,MATCH($A30,April!$A:$A,0)),0)+IFERROR(INDEX(May!$AL:$AL,MATCH($A30,May!$A:$A,0)),0)+IFERROR(INDEX(June!$AK:$AK,MATCH($A30,June!$A:$A,0)),0)+IFERROR(INDEX(July!$AL:$AL,MATCH($A30,July!$A:$A,0)),0)+IFERROR(INDEX(August!$AL:$AL,MATCH($A30,August!$A:$A,0)),0)+IFERROR(INDEX(September!$AK:$AK,MATCH($A30,September!$A:$A,0)),0)+IFERROR(INDEX(October!$AL:$AL,MATCH($A30,October!$A:$A,0)),0)+IFERROR(INDEX(November!$AK:$AK,MATCH($A30,November!$A:$A,0)),0)+IFERROR(INDEX(December!$AL:$AL,MATCH($A30,December!$A:$A,0)),0))*0.5 -> 16.5 | Z30: =IFERROR(INDEX(January!$AK:$AK,MATCH($A30,January!$A:$A,0)),0)+IFERROR(INDEX(February!$AH:$AH,MATCH($A30,February!$A:$A,0)),0)+IFERROR(INDEX(March!$AK:$AK,MATCH($A30,March!$A:$A,0)),0)+IFERROR(INDEX(April!$AJ:$AJ,MATCH($A30,April!$A:$A,0)),0)+IFERROR(INDEX(May!$AK:$AK,MATCH($A30,May!$A:$A,0)),0)+IFERROR(INDEX(June!$AJ:$AJ,MATCH($A30,June!$A:$A,0)),0)+IFERROR(INDEX(July!$AK:$AK,MATCH($A30,July!$A:$A,0)),0)+IFERROR(INDEX(August!$AK:$AK,MATCH($A30,August!$A:$A,0)),0)+IFERROR(INDEX(September!$AJ:$AJ,MATCH($A30,September!$A:$A,0)),0)+IFERROR(INDEX(October!$AK:$AK,MATCH($A30,October!$A:$A,0)),0)+IFERROR(INDEX(November!$AJ:$AJ,MATCH($A30,November!$A:$A,0)),0)+IFERROR(INDEX(December!$AK:$AK,MATCH($A30,December!$A:$A,0)),0) -> 23 | AA30: =Y30+Z30 -> 39.5 | AB30: 17 | AC30: =AA30+IF(AB30="",0,AB30) -> 56.5 | AE30: =AC30-IF(AD30="",0,AD30) -> 56.5
A31: 247 | B31: KAGABO NOEL | C31: MAINTENANCE | D31: 11 | E31: 21 | F31: 23 | G31: 3 | H31: 26 | I31: 21 | J31: 25 | K31: 22 | L31: 24 | M31: 11 | N31: 24 | O31: 17 | P31: =IFERROR(INDEX(January!$AI:$AI,MATCH($A31,January!$A:$A,0)),0)+IFERROR(INDEX(February!$AF:$AF,MATCH($A31,February!$A:$A,0)),0)+IFERROR(INDEX(March!$AI:$AI,MATCH($A31,March!$A:$A,0)),0)+IFERROR(INDEX(April!$AH:$AH,MATCH($A31,April!$A:$A,0)),0)+IFERROR(INDEX(May!$AI:$AI,MATCH($A31,May!$A:$A,0)),0)+IFERROR(INDEX(June!$AH:$AH,MATCH($A31,June!$A:$A,0)),0)+IFERROR(INDEX(July!$AI:$AI,MATCH($A31,July!$A:$A,0)),0)+IFERROR(INDEX(August!$AI:$AI,MATCH($A31,August!$A:$A,0)),0)+IFERROR(INDEX(September!$AH:$AH,MATCH($A31,September!$A:$A,0)),0)+IFERROR(INDEX(October!$AI:$AI,MATCH($A31,October!$A:$A,0)),0)+IFERROR(INDEX(November!$AH:$AH,MATCH($A31,November!$A:$A,0)),0)+IFERROR(INDEX(December!$AI:$AI,MATCH($A31,December!$A:$A,0)),0) -> 189 | Q31: =IFERROR(INDEX(January!$AJ:$AJ,MATCH($A31,January!$A:$A,0)),0)+IFERROR(INDEX(February!$AG:$AG,MATCH($A31,February!$A:$A,0)),0)+IFERROR(INDEX(March!$AJ:$AJ,MATCH($A31,March!$A:$A,0)),0)+IFERROR(INDEX(April!$AI:$AI,MATCH($A31,April!$A:$A,0)),0)+IFERROR(INDEX(May!$AJ:$AJ,MATCH($A31,May!$A:$A,0)),0)+IFERROR(INDEX(June!$AI:$AI,MATCH($A31,June!$A:$A,0)),0)+IFERROR(INDEX(July!$AJ:$AJ,MATCH($A31,July!$A:$A,0)),0)+IFERROR(INDEX(August!$AJ:$AJ,MATCH($A31,August!$A:$A,0)),0)+IFERROR(INDEX(September!$AI:$AI,MATCH($A31,September!$A:$A,0)),0)+IFERROR(INDEX(October!$AJ:$AJ,MATCH($A31,October!$A:$A,0)),0)+IFERROR(INDEX(November!$AI:$AI,MATCH($A31,November!$A:$A,0)),0)+IFERROR(INDEX(December!$AJ:$AJ,MATCH($A31,December!$A:$A,0)),0) -> 72 | R31: =IFERROR(INDEX(January!$AK:$AK,MATCH($A31,January!$A:$A,0)),0)+IFERROR(INDEX(February!$AH:$AH,MATCH($A31,February!$A:$A,0)),0)+IFERROR(INDEX(March!$AK:$AK,MATCH($A31,March!$A:$A,0)),0)+IFERROR(INDEX(April!$AJ:$AJ,MATCH($A31,April!$A:$A,0)),0)+IFERROR(INDEX(May!$AK:$AK,MATCH($A31,May!$A:$A,0)),0)+IFERROR(INDEX(June!$AJ:$AJ,MATCH($A31,June!$A:$A,0)),0)+IFERROR(INDEX(July!$AK:$AK,MATCH($A31,July!$A:$A,0)),0)+IFERROR(INDEX(August!$AK:$AK,MATCH($A31,August!$A:$A,0)),0)+IFERROR(INDEX(September!$AJ:$AJ,MATCH($A31,September!$A:$A,0)),0)+IFERROR(INDEX(October!$AK:$AK,MATCH($A31,October!$A:$A,0)),0)+IFERROR(INDEX(November!$AJ:$AJ,MATCH($A31,November!$A:$A,0)),0)+IFERROR(INDEX(December!$AK:$AK,MATCH($A31,December!$A:$A,0)),0) -> 16 | S31: =IF((P31+Q31)=0,"",P31/(P31+Q31)) -> 0.72413793 | U31: =IFERROR(INDEX(January!$AQ:$AQ,MATCH($A31,January!$A:$A,0)),0)+IFERROR(INDEX(February!$AN:$AN,MATCH($A31,February!$A:$A,0)),0)+IFERROR(INDEX(March!$AQ:$AQ,MATCH($A31,March!$A:$A,0)),0)+IFERROR(INDEX(April!$AP:$AP,MATCH($A31,April!$A:$A,0)),0)+IFERROR(INDEX(May!$AQ:$AQ,MATCH($A31,May!$A:$A,0)),0)+IFERROR(INDEX(June!$AP:$AP,MATCH($A31,June!$A:$A,0)),0)+IFERROR(INDEX(July!$AQ:$AQ,MATCH($A31,July!$A:$A,0)),0)+IFERROR(INDEX(August!$AQ:$AQ,MATCH($A31,August!$A:$A,0)),0)+IFERROR(INDEX(September!$AP:$AP,MATCH($A31,September!$A:$A,0)),0)+IFERROR(INDEX(October!$AQ:$AQ,MATCH($A31,October!$A:$A,0)),0)+IFERROR(INDEX(November!$AP:$AP,MATCH($A31,November!$A:$A,0)),0)+IFERROR(INDEX(December!$AQ:$AQ,MATCH($A31,December!$A:$A,0)),0) -> 211 | V31: =IFERROR(INDEX(January!$AJ:$AJ,MATCH($A31,January!$A:$A,0)),0)+IFERROR(INDEX(February!$AG:$AG,MATCH($A31,February!$A:$A,0)),0)+IFERROR(INDEX(March!$AJ:$AJ,MATCH($A31,March!$A:$A,0)),0)+IFERROR(INDEX(April!$AI:$AI,MATCH($A31,April!$A:$A,0)),0)+IFERROR(INDEX(May!$AJ:$AJ,MATCH($A31,May!$A:$A,0)),0)+IFERROR(INDEX(June!$AI:$AI,MATCH($A31,June!$A:$A,0)),0)+IFERROR(INDEX(July!$AJ:$AJ,MATCH($A31,July!$A:$A,0)),0)+IFERROR(INDEX(August!$AJ:$AJ,MATCH($A31,August!$A:$A,0)),0)+IFERROR(INDEX(September!$AI:$AI,MATCH($A31,September!$A:$A,0)),0)+IFERROR(INDEX(October!$AJ:$AJ,MATCH($A31,October!$A:$A,0)),0)+IFERROR(INDEX(November!$AI:$AI,MATCH($A31,November!$A:$A,0)),0)+IFERROR(INDEX(December!$AJ:$AJ,MATCH($A31,December!$A:$A,0)),0) -> 72 | W31: =IFERROR(INDEX(January!$AO:$AO,MATCH($A31,January!$A:$A,0)),0)+IFERROR(INDEX(February!$AL:$AL,MATCH($A31,February!$A:$A,0)),0)+IFERROR(INDEX(March!$AO:$AO,MATCH($A31,March!$A:$A,0)),0)+IFERROR(INDEX(April!$AN:$AN,MATCH($A31,April!$A:$A,0)),0)+IFERROR(INDEX(May!$AO:$AO,MATCH($A31,May!$A:$A,0)),0)+IFERROR(INDEX(June!$AN:$AN,MATCH($A31,June!$A:$A,0)),0)+IFERROR(INDEX(July!$AO:$AO,MATCH($A31,July!$A:$A,0)),0)+IFERROR(INDEX(August!$AO:$AO,MATCH($A31,August!$A:$A,0)),0)+IFERROR(INDEX(September!$AN:$AN,MATCH($A31,September!$A:$A,0)),0)+IFERROR(INDEX(October!$AO:$AO,MATCH($A31,October!$A:$A,0)),0)+IFERROR(INDEX(November!$AN:$AN,MATCH($A31,November!$A:$A,0)),0)+IFERROR(INDEX(December!$AO:$AO,MATCH($A31,December!$A:$A,0)),0) -> 11 | X31: =W31/2 -> 5.5 | Y31: =(IFERROR(INDEX(January!$AL:$AL,MATCH($A31,January!$A:$A,0)),0)+IFERROR(INDEX(February!$AI:$AI,MATCH($A31,February!$A:$A,0)),0)+IFERROR(INDEX(March!$AL:$AL,MATCH($A31,March!$A:$A,0)),0)+IFERROR(INDEX(April!$AK:$AK,MATCH($A31,April!$A:$A,0)),0)+IFERROR(INDEX(May!$AL:$AL,MATCH($A31,May!$A:$A,0)),0)+IFERROR(INDEX(June!$AK:$AK,MATCH($A31,June!$A:$A,0)),0)+IFERROR(INDEX(July!$AL:$AL,MATCH($A31,July!$A:$A,0)),0)+IFERROR(INDEX(August!$AL:$AL,MATCH($A31,August!$A:$A,0)),0)+IFERROR(INDEX(September!$AK:$AK,MATCH($A31,September!$A:$A,0)),0)+IFERROR(INDEX(October!$AL:$AL,MATCH($A31,October!$A:$A,0)),0)+IFERROR(INDEX(November!$AK:$AK,MATCH($A31,November!$A:$A,0)),0)+IFERROR(INDEX(December!$AL:$AL,MATCH($A31,December!$A:$A,0)),0))*0.5 -> 11.5 | Z31: =IFERROR(INDEX(January!$AK:$AK,MATCH($A31,January!$A:$A,0)),0)+IFERROR(INDEX(February!$AH:$AH,MATCH($A31,February!$A:$A,0)),0)+IFERROR(INDEX(March!$AK:$AK,MATCH($A31,March!$A:$A,0)),0)+IFERROR(INDEX(April!$AJ:$AJ,MATCH($A31,April!$A:$A,0)),0)+IFERROR(INDEX(May!$AK:$AK,MATCH($A31,May!$A:$A,0)),0)+IFERROR(INDEX(June!$AJ:$AJ,MATCH($A31,June!$A:$A,0)),0)+IFERROR(INDEX(July!$AK:$AK,MATCH($A31,July!$A:$A,0)),0)+IFERROR(INDEX(August!$AK:$AK,MATCH($A31,August!$A:$A,0)),0)+IFERROR(INDEX(September!$AJ:$AJ,MATCH($A31,September!$A:$A,0)),0)+IFERROR(INDEX(October!$AK:$AK,MATCH($A31,October!$A:$A,0)),0)+IFERROR(INDEX(November!$AJ:$AJ,MATCH($A31,November!$A:$A,0)),0)+IFERROR(INDEX(December!$AK:$AK,MATCH($A31,December!$A:$A,0)),0) -> 16 | AA31: =Y31+Z31 -> 27.5 | AB31: 17 | AC31: =AA31+IF(AB31="",0,AB31) -> 44.5 | AE31: =AC31-IF(AD31="",0,AD31) -> 44.5
A32: 306 | B32: Mushimiyimana Eric | C32: MAINTENANCE | D32: 28 | E32: 10 | F32: 21 | G32: 23 | H32: 12 | I32: 24 | J32: 25 | K32: 25 | L32: 26 | M32: 11 | N32: 23 | O32: 23 | P32: =IFERROR(INDEX(January!$AI:$AI,MATCH($A32,January!$A:$A,0)),0)+IFERROR(INDEX(February!$AF:$AF,MATCH($A32,February!$A:$A,0)),0)+IFERROR(INDEX(March!$AI:$AI,MATCH($A32,March!$A:$A,0)),0)+IFERROR(INDEX(April!$AH:$AH,MATCH($A32,April!$A:$A,0)),0)+IFERROR(INDEX(May!$AI:$AI,MATCH($A32,May!$A:$A,0)),0)+IFERROR(INDEX(June!$AH:$AH,MATCH($A32,June!$A:$A,0)),0)+IFERROR(INDEX(July!$AI:$AI,MATCH($A32,July!$A:$A,0)),0)+IFERROR(INDEX(August!$AI:$AI,MATCH($A32,August!$A:$A,0)),0)+IFERROR(INDEX(September!$AH:$AH,MATCH($A32,September!$A:$A,0)),0)+IFERROR(INDEX(October!$AI:$AI,MATCH($A32,October!$A:$A,0)),0)+IFERROR(INDEX(November!$AH:$AH,MATCH($A32,November!$A:$A,0)),0)+IFERROR(INDEX(December!$AI:$AI,MATCH($A32,December!$A:$A,0)),0) -> 199 | Q32: =IFERROR(INDEX(January!$AJ:$AJ,MATCH($A32,January!$A:$A,0)),0)+IFERROR(INDEX(February!$AG:$AG,MATCH($A32,February!$A:$A,0)),0)+IFERROR(INDEX(March!$AJ:$AJ,MATCH($A32,March!$A:$A,0)),0)+IFERROR(INDEX(April!$AI:$AI,MATCH($A32,April!$A:$A,0)),0)+IFERROR(INDEX(May!$AJ:$AJ,MATCH($A32,May!$A:$A,0)),0)+IFERROR(INDEX(June!$AI:$AI,MATCH($A32,June!$A:$A,0)),0)+IFERROR(INDEX(July!$AJ:$AJ,MATCH($A32,July!$A:$A,0)),0)+IFERROR(INDEX(August!$AJ:$AJ,MATCH($A32,August!$A:$A,0)),0)+IFERROR(INDEX(September!$AI:$AI,MATCH($A32,September!$A:$A,0)),0)+IFERROR(INDEX(October!$AJ:$AJ,MATCH($A32,October!$A:$A,0)),0)+IFERROR(INDEX(November!$AI:$AI,MATCH($A32,November!$A:$A,0)),0)+IFERROR(INDEX(December!$AJ:$AJ,MATCH($A32,December!$A:$A,0)),0) -> 62 | R32: =IFERROR(INDEX(January!$AK:$AK,MATCH($A32,January!$A:$A,0)),0)+IFERROR(INDEX(February!$AH:$AH,MATCH($A32,February!$A:$A,0)),0)+IFERROR(INDEX(March!$AK:$AK,MATCH($A32,March!$A:$A,0)),0)+IFERROR(INDEX(April!$AJ:$AJ,MATCH($A32,April!$A:$A,0)),0)+IFERROR(INDEX(May!$AK:$AK,MATCH($A32,May!$A:$A,0)),0)+IFERROR(INDEX(June!$AJ:$AJ,MATCH($A32,June!$A:$A,0)),0)+IFERROR(INDEX(July!$AK:$AK,MATCH($A32,July!$A:$A,0)),0)+IFERROR(INDEX(August!$AK:$AK,MATCH($A32,August!$A:$A,0)),0)+IFERROR(INDEX(September!$AJ:$AJ,MATCH($A32,September!$A:$A,0)),0)+IFERROR(INDEX(October!$AK:$AK,MATCH($A32,October!$A:$A,0)),0)+IFERROR(INDEX(November!$AJ:$AJ,MATCH($A32,November!$A:$A,0)),0)+IFERROR(INDEX(December!$AK:$AK,MATCH($A32,December!$A:$A,0)),0) -> 25 | S32: =IF((P32+Q32)=0,"",P32/(P32+Q32)) -> 0.76245211 | U32: =IFERROR(INDEX(January!$AQ:$AQ,MATCH($A32,January!$A:$A,0)),0)+IFERROR(INDEX(February!$AN:$AN,MATCH($A32,February!$A:$A,0)),0)+IFERROR(INDEX(March!$AQ:$AQ,MATCH($A32,March!$A:$A,0)),0)+IFERROR(INDEX(April!$AP:$AP,MATCH($A32,April!$A:$A,0)),0)+IFERROR(INDEX(May!$AQ:$AQ,MATCH($A32,May!$A:$A,0)),0)+IFERROR(INDEX(June!$AP:$AP,MATCH($A32,June!$A:$A,0)),0)+IFERROR(INDEX(July!$AQ:$AQ,MATCH($A32,July!$A:$A,0)),0)+IFERROR(INDEX(August!$AQ:$AQ,MATCH($A32,August!$A:$A,0)),0)+IFERROR(INDEX(September!$AP:$AP,MATCH($A32,September!$A:$A,0)),0)+IFERROR(INDEX(October!$AQ:$AQ,MATCH($A32,October!$A:$A,0)),0)+IFERROR(INDEX(November!$AP:$AP,MATCH($A32,November!$A:$A,0)),0)+IFERROR(INDEX(December!$AQ:$AQ,MATCH($A32,December!$A:$A,0)),0) -> 232.5 | V32: =IFERROR(INDEX(January!$AJ:$AJ,MATCH($A32,January!$A:$A,0)),0)+IFERROR(INDEX(February!$AG:$AG,MATCH($A32,February!$A:$A,0)),0)+IFERROR(INDEX(March!$AJ:$AJ,MATCH($A32,March!$A:$A,0)),0)+IFERROR(INDEX(April!$AI:$AI,MATCH($A32,April!$A:$A,0)),0)+IFERROR(INDEX(May!$AJ:$AJ,MATCH($A32,May!$A:$A,0)),0)+IFERROR(INDEX(June!$AI:$AI,MATCH($A32,June!$A:$A,0)),0)+IFERROR(INDEX(July!$AJ:$AJ,MATCH($A32,July!$A:$A,0)),0)+IFERROR(INDEX(August!$AJ:$AJ,MATCH($A32,August!$A:$A,0)),0)+IFERROR(INDEX(September!$AI:$AI,MATCH($A32,September!$A:$A,0)),0)+IFERROR(INDEX(October!$AJ:$AJ,MATCH($A32,October!$A:$A,0)),0)+IFERROR(INDEX(November!$AI:$AI,MATCH($A32,November!$A:$A,0)),0)+IFERROR(INDEX(December!$AJ:$AJ,MATCH($A32,December!$A:$A,0)),0) -> 62 | W32: =IFERROR(INDEX(January!$AO:$AO,MATCH($A32,January!$A:$A,0)),0)+IFERROR(INDEX(February!$AL:$AL,MATCH($A32,February!$A:$A,0)),0)+IFERROR(INDEX(March!$AO:$AO,MATCH($A32,March!$A:$A,0)),0)+IFERROR(INDEX(April!$AN:$AN,MATCH($A32,April!$A:$A,0)),0)+IFERROR(INDEX(May!$AO:$AO,MATCH($A32,May!$A:$A,0)),0)+IFERROR(INDEX(June!$AN:$AN,MATCH($A32,June!$A:$A,0)),0)+IFERROR(INDEX(July!$AO:$AO,MATCH($A32,July!$A:$A,0)),0)+IFERROR(INDEX(August!$AO:$AO,MATCH($A32,August!$A:$A,0)),0)+IFERROR(INDEX(September!$AN:$AN,MATCH($A32,September!$A:$A,0)),0)+IFERROR(INDEX(October!$AO:$AO,MATCH($A32,October!$A:$A,0)),0)+IFERROR(INDEX(November!$AN:$AN,MATCH($A32,November!$A:$A,0)),0)+IFERROR(INDEX(December!$AO:$AO,MATCH($A32,December!$A:$A,0)),0) -> 10 | X32: =W32/2 -> 5 | Y32: =(IFERROR(INDEX(January!$AL:$AL,MATCH($A32,January!$A:$A,0)),0)+IFERROR(INDEX(February!$AI:$AI,MATCH($A32,February!$A:$A,0)),0)+IFERROR(INDEX(March!$AL:$AL,MATCH($A32,March!$A:$A,0)),0)+IFERROR(INDEX(April!$AK:$AK,MATCH($A32,April!$A:$A,0)),0)+IFERROR(INDEX(May!$AL:$AL,MATCH($A32,May!$A:$A,0)),0)+IFERROR(INDEX(June!$AK:$AK,MATCH($A32,June!$A:$A,0)),0)+IFERROR(INDEX(July!$AL:$AL,MATCH($A32,July!$A:$A,0)),0)+IFERROR(INDEX(August!$AL:$AL,MATCH($A32,August!$A:$A,0)),0)+IFERROR(INDEX(September!$AK:$AK,MATCH($A32,September!$A:$A,0)),0)+IFERROR(INDEX(October!$AL:$AL,MATCH($A32,October!$A:$A,0)),0)+IFERROR(INDEX(November!$AK:$AK,MATCH($A32,November!$A:$A,0)),0)+IFERROR(INDEX(December!$AL:$AL,MATCH($A32,December!$A:$A,0)),0))*0.5 -> 13.5 | Z32: =IFERROR(INDEX(January!$AK:$AK,MATCH($A32,January!$A:$A,0)),0)+IFERROR(INDEX(February!$AH:$AH,MATCH($A32,February!$A:$A,0)),0)+IFERROR(INDEX(March!$AK:$AK,MATCH($A32,March!$A:$A,0)),0)+IFERROR(INDEX(April!$AJ:$AJ,MATCH($A32,April!$A:$A,0)),0)+IFERROR(INDEX(May!$AK:$AK,MATCH($A32,May!$A:$A,0)),0)+IFERROR(INDEX(June!$AJ:$AJ,MATCH($A32,June!$A:$A,0)),0)+IFERROR(INDEX(July!$AK:$AK,MATCH($A32,July!$A:$A,0)),0)+IFERROR(INDEX(August!$AK:$AK,MATCH($A32,August!$A:$A,0)),0)+IFERROR(INDEX(September!$AJ:$AJ,MATCH($A32,September!$A:$A,0)),0)+IFERROR(INDEX(October!$AK:$AK,MATCH($A32,October!$A:$A,0)),0)+IFERROR(INDEX(November!$AJ:$AJ,MATCH($A32,November!$A:$A,0)),0)+IFERROR(INDEX(December!$AK:$AK,MATCH($A32,December!$A:$A,0)),0) -> 25 | AA32: =Y32+Z32 -> 38.5 | AB32: 17 | AC32: =AA32+IF(AB32="",0,AB32) -> 55.5 | AE32: =AC32-IF(AD32="",0,AD32) -> 55.5
A33: 307 | B33: Nkangura Damascene | C33: MAINTENANCE | D33: 17 | E33: 20 | F33: 24 | G33: 25 | H33: 11 | I33: 23 | J33: 22 | K33: 25 | L33: 28 | M33: 26 | N33: 26 | O33: 10 | P33: =IFERROR(INDEX(January!$AI:$AI,MATCH($A33,January!$A:$A,0)),0)+IFERROR(INDEX(February!$AF:$AF,MATCH($A33,February!$A:$A,0)),0)+IFERROR(INDEX(March!$AI:$AI,MATCH($A33,March!$A:$A,0)),0)+IFERROR(INDEX(April!$AH:$AH,MATCH($A33,April!$A:$A,0)),0)+IFERROR(INDEX(May!$AI:$AI,MATCH($A33,May!$A:$A,0)),0)+IFERROR(INDEX(June!$AH:$AH,MATCH($A33,June!$A:$A,0)),0)+IFERROR(INDEX(July!$AI:$AI,MATCH($A33,July!$A:$A,0)),0)+IFERROR(INDEX(August!$AI:$AI,MATCH($A33,August!$A:$A,0)),0)+IFERROR(INDEX(September!$AH:$AH,MATCH($A33,September!$A:$A,0)),0)+IFERROR(INDEX(October!$AI:$AI,MATCH($A33,October!$A:$A,0)),0)+IFERROR(INDEX(November!$AH:$AH,MATCH($A33,November!$A:$A,0)),0)+IFERROR(INDEX(December!$AI:$AI,MATCH($A33,December!$A:$A,0)),0) -> 211 | Q33: =IFERROR(INDEX(January!$AJ:$AJ,MATCH($A33,January!$A:$A,0)),0)+IFERROR(INDEX(February!$AG:$AG,MATCH($A33,February!$A:$A,0)),0)+IFERROR(INDEX(March!$AJ:$AJ,MATCH($A33,March!$A:$A,0)),0)+IFERROR(INDEX(April!$AI:$AI,MATCH($A33,April!$A:$A,0)),0)+IFERROR(INDEX(May!$AJ:$AJ,MATCH($A33,May!$A:$A,0)),0)+IFERROR(INDEX(June!$AI:$AI,MATCH($A33,June!$A:$A,0)),0)+IFERROR(INDEX(July!$AJ:$AJ,MATCH($A33,July!$A:$A,0)),0)+IFERROR(INDEX(August!$AJ:$AJ,MATCH($A33,August!$A:$A,0)),0)+IFERROR(INDEX(September!$AI:$AI,MATCH($A33,September!$A:$A,0)),0)+IFERROR(INDEX(October!$AJ:$AJ,MATCH($A33,October!$A:$A,0)),0)+IFERROR(INDEX(November!$AI:$AI,MATCH($A33,November!$A:$A,0)),0)+IFERROR(INDEX(December!$AJ:$AJ,MATCH($A33,December!$A:$A,0)),0) -> 50 | R33: =IFERROR(INDEX(January!$AK:$AK,MATCH($A33,January!$A:$A,0)),0)+IFERROR(INDEX(February!$AH:$AH,MATCH($A33,February!$A:$A,0)),0)+IFERROR(INDEX(March!$AK:$AK,MATCH($A33,March!$A:$A,0)),0)+IFERROR(INDEX(April!$AJ:$AJ,MATCH($A33,April!$A:$A,0)),0)+IFERROR(INDEX(May!$AK:$AK,MATCH($A33,May!$A:$A,0)),0)+IFERROR(INDEX(June!$AJ:$AJ,MATCH($A33,June!$A:$A,0)),0)+IFERROR(INDEX(July!$AK:$AK,MATCH($A33,July!$A:$A,0)),0)+IFERROR(INDEX(August!$AK:$AK,MATCH($A33,August!$A:$A,0)),0)+IFERROR(INDEX(September!$AJ:$AJ,MATCH($A33,September!$A:$A,0)),0)+IFERROR(INDEX(October!$AK:$AK,MATCH($A33,October!$A:$A,0)),0)+IFERROR(INDEX(November!$AJ:$AJ,MATCH($A33,November!$A:$A,0)),0)+IFERROR(INDEX(December!$AK:$AK,MATCH($A33,December!$A:$A,0)),0) -> 22 | S33: =IF((P33+Q33)=0,"",P33/(P33+Q33)) -> 0.80842912 | U33: =IFERROR(INDEX(January!$AQ:$AQ,MATCH($A33,January!$A:$A,0)),0)+IFERROR(INDEX(February!$AN:$AN,MATCH($A33,February!$A:$A,0)),0)+IFERROR(INDEX(March!$AQ:$AQ,MATCH($A33,March!$A:$A,0)),0)+IFERROR(INDEX(April!$AP:$AP,MATCH($A33,April!$A:$A,0)),0)+IFERROR(INDEX(May!$AQ:$AQ,MATCH($A33,May!$A:$A,0)),0)+IFERROR(INDEX(June!$AP:$AP,MATCH($A33,June!$A:$A,0)),0)+IFERROR(INDEX(July!$AQ:$AQ,MATCH($A33,July!$A:$A,0)),0)+IFERROR(INDEX(August!$AQ:$AQ,MATCH($A33,August!$A:$A,0)),0)+IFERROR(INDEX(September!$AP:$AP,MATCH($A33,September!$A:$A,0)),0)+IFERROR(INDEX(October!$AQ:$AQ,MATCH($A33,October!$A:$A,0)),0)+IFERROR(INDEX(November!$AP:$AP,MATCH($A33,November!$A:$A,0)),0)+IFERROR(INDEX(December!$AQ:$AQ,MATCH($A33,December!$A:$A,0)),0) -> 237 | V33: =IFERROR(INDEX(January!$AJ:$AJ,MATCH($A33,January!$A:$A,0)),0)+IFERROR(INDEX(February!$AG:$AG,MATCH($A33,February!$A:$A,0)),0)+IFERROR(INDEX(March!$AJ:$AJ,MATCH($A33,March!$A:$A,0)),0)+IFERROR(INDEX(April!$AI:$AI,MATCH($A33,April!$A:$A,0)),0)+IFERROR(INDEX(May!$AJ:$AJ,MATCH($A33,May!$A:$A,0)),0)+IFERROR(INDEX(June!$AI:$AI,MATCH($A33,June!$A:$A,0)),0)+IFERROR(INDEX(July!$AJ:$AJ,MATCH($A33,July!$A:$A,0)),0)+IFERROR(INDEX(August!$AJ:$AJ,MATCH($A33,August!$A:$A,0)),0)+IFERROR(INDEX(September!$AI:$AI,MATCH($A33,September!$A:$A,0)),0)+IFERROR(INDEX(October!$AJ:$AJ,MATCH($A33,October!$A:$A,0)),0)+IFERROR(INDEX(November!$AI:$AI,MATCH($A33,November!$A:$A,0)),0)+IFERROR(INDEX(December!$AJ:$AJ,MATCH($A33,December!$A:$A,0)),0) -> 50 | W33: =IFERROR(INDEX(January!$AO:$AO,MATCH($A33,January!$A:$A,0)),0)+IFERROR(INDEX(February!$AL:$AL,MATCH($A33,February!$A:$A,0)),0)+IFERROR(INDEX(March!$AO:$AO,MATCH($A33,March!$A:$A,0)),0)+IFERROR(INDEX(April!$AN:$AN,MATCH($A33,April!$A:$A,0)),0)+IFERROR(INDEX(May!$AO:$AO,MATCH($A33,May!$A:$A,0)),0)+IFERROR(INDEX(June!$AN:$AN,MATCH($A33,June!$A:$A,0)),0)+IFERROR(INDEX(July!$AO:$AO,MATCH($A33,July!$A:$A,0)),0)+IFERROR(INDEX(August!$AO:$AO,MATCH($A33,August!$A:$A,0)),0)+IFERROR(INDEX(September!$AN:$AN,MATCH($A33,September!$A:$A,0)),0)+IFERROR(INDEX(October!$AO:$AO,MATCH($A33,October!$A:$A,0)),0)+IFERROR(INDEX(November!$AN:$AN,MATCH($A33,November!$A:$A,0)),0)+IFERROR(INDEX(December!$AO:$AO,MATCH($A33,December!$A:$A,0)),0) -> 16 | X33: =W33/2 -> 8 | Y33: =(IFERROR(INDEX(January!$AL:$AL,MATCH($A33,January!$A:$A,0)),0)+IFERROR(INDEX(February!$AI:$AI,MATCH($A33,February!$A:$A,0)),0)+IFERROR(INDEX(March!$AL:$AL,MATCH($A33,March!$A:$A,0)),0)+IFERROR(INDEX(April!$AK:$AK,MATCH($A33,April!$A:$A,0)),0)+IFERROR(INDEX(May!$AL:$AL,MATCH($A33,May!$A:$A,0)),0)+IFERROR(INDEX(June!$AK:$AK,MATCH($A33,June!$A:$A,0)),0)+IFERROR(INDEX(July!$AL:$AL,MATCH($A33,July!$A:$A,0)),0)+IFERROR(INDEX(August!$AL:$AL,MATCH($A33,August!$A:$A,0)),0)+IFERROR(INDEX(September!$AK:$AK,MATCH($A33,September!$A:$A,0)),0)+IFERROR(INDEX(October!$AL:$AL,MATCH($A33,October!$A:$A,0)),0)+IFERROR(INDEX(November!$AK:$AK,MATCH($A33,November!$A:$A,0)),0)+IFERROR(INDEX(December!$AL:$AL,MATCH($A33,December!$A:$A,0)),0))*0.5 -> 12 | Z33: =IFERROR(INDEX(January!$AK:$AK,MATCH($A33,January!$A:$A,0)),0)+IFERROR(INDEX(February!$AH:$AH,MATCH($A33,February!$A:$A,0)),0)+IFERROR(INDEX(March!$AK:$AK,MATCH($A33,March!$A:$A,0)),0)+IFERROR(INDEX(April!$AJ:$AJ,MATCH($A33,April!$A:$A,0)),0)+IFERROR(INDEX(May!$AK:$AK,MATCH($A33,May!$A:$A,0)),0)+IFERROR(INDEX(June!$AJ:$AJ,MATCH($A33,June!$A:$A,0)),0)+IFERROR(INDEX(July!$AK:$AK,MATCH($A33,July!$A:$A,0)),0)+IFERROR(INDEX(August!$AK:$AK,MATCH($A33,August!$A:$A,0)),0)+IFERROR(INDEX(September!$AJ:$AJ,MATCH($A33,September!$A:$A,0)),0)+IFERROR(INDEX(October!$AK:$AK,MATCH($A33,October!$A:$A,0)),0)+IFERROR(INDEX(November!$AJ:$AJ,MATCH($A33,November!$A:$A,0)),0)+IFERROR(INDEX(December!$AK:$AK,MATCH($A33,December!$A:$A,0)),0) -> 22 | AA33: =Y33+Z33 -> 34 | AB33: 17 | AC33: =AA33+IF(AB33="",0,AB33) -> 51 | AE33: =AC33-IF(AD33="",0,AD33) -> 51
A34: 309 | B34: Mamitiana R | C34: MAINTENANCE | D34: 0 | E34: 0 | F34: 0 | G34: 22 | H34: 22 | I34: 22 | J34: 23 | K34: 22 | L34: 25 | M34: 24 | N34: 26 | O34: 5 | P34: =IFERROR(INDEX(January!$AI:$AI,MATCH($A34,January!$A:$A,0)),0)+IFERROR(INDEX(February!$AF:$AF,MATCH($A34,February!$A:$A,0)),0)+IFERROR(INDEX(March!$AI:$AI,MATCH($A34,March!$A:$A,0)),0)+IFERROR(INDEX(April!$AH:$AH,MATCH($A34,April!$A:$A,0)),0)+IFERROR(INDEX(May!$AI:$AI,MATCH($A34,May!$A:$A,0)),0)+IFERROR(INDEX(June!$AH:$AH,MATCH($A34,June!$A:$A,0)),0)+IFERROR(INDEX(July!$AI:$AI,MATCH($A34,July!$A:$A,0)),0)+IFERROR(INDEX(August!$AI:$AI,MATCH($A34,August!$A:$A,0)),0)+IFERROR(INDEX(September!$AH:$AH,MATCH($A34,September!$A:$A,0)),0)+IFERROR(INDEX(October!$AI:$AI,MATCH($A34,October!$A:$A,0)),0)+IFERROR(INDEX(November!$AH:$AH,MATCH($A34,November!$A:$A,0)),0)+IFERROR(INDEX(December!$AI:$AI,MATCH($A34,December!$A:$A,0)),0) -> 167 | Q34: =IFERROR(INDEX(January!$AJ:$AJ,MATCH($A34,January!$A:$A,0)),0)+IFERROR(INDEX(February!$AG:$AG,MATCH($A34,February!$A:$A,0)),0)+IFERROR(INDEX(March!$AJ:$AJ,MATCH($A34,March!$A:$A,0)),0)+IFERROR(INDEX(April!$AI:$AI,MATCH($A34,April!$A:$A,0)),0)+IFERROR(INDEX(May!$AJ:$AJ,MATCH($A34,May!$A:$A,0)),0)+IFERROR(INDEX(June!$AI:$AI,MATCH($A34,June!$A:$A,0)),0)+IFERROR(INDEX(July!$AJ:$AJ,MATCH($A34,July!$A:$A,0)),0)+IFERROR(INDEX(August!$AJ:$AJ,MATCH($A34,August!$A:$A,0)),0)+IFERROR(INDEX(September!$AI:$AI,MATCH($A34,September!$A:$A,0)),0)+IFERROR(INDEX(October!$AJ:$AJ,MATCH($A34,October!$A:$A,0)),0)+IFERROR(INDEX(November!$AI:$AI,MATCH($A34,November!$A:$A,0)),0)+IFERROR(INDEX(December!$AJ:$AJ,MATCH($A34,December!$A:$A,0)),0) -> 94 | R34: =IFERROR(INDEX(January!$AK:$AK,MATCH($A34,January!$A:$A,0)),0)+IFERROR(INDEX(February!$AH:$AH,MATCH($A34,February!$A:$A,0)),0)+IFERROR(INDEX(March!$AK:$AK,MATCH($A34,March!$A:$A,0)),0)+IFERROR(INDEX(April!$AJ:$AJ,MATCH($A34,April!$A:$A,0)),0)+IFERROR(INDEX(May!$AK:$AK,MATCH($A34,May!$A:$A,0)),0)+IFERROR(INDEX(June!$AJ:$AJ,MATCH($A34,June!$A:$A,0)),0)+IFERROR(INDEX(July!$AK:$AK,MATCH($A34,July!$A:$A,0)),0)+IFERROR(INDEX(August!$AK:$AK,MATCH($A34,August!$A:$A,0)),0)+IFERROR(INDEX(September!$AJ:$AJ,MATCH($A34,September!$A:$A,0)),0)+IFERROR(INDEX(October!$AK:$AK,MATCH($A34,October!$A:$A,0)),0)+IFERROR(INDEX(November!$AJ:$AJ,MATCH($A34,November!$A:$A,0)),0)+IFERROR(INDEX(December!$AK:$AK,MATCH($A34,December!$A:$A,0)),0) -> 6 | S34: =IF((P34+Q34)=0,"",P34/(P34+Q34)) -> 0.63984674 | U34: =IFERROR(INDEX(January!$AQ:$AQ,MATCH($A34,January!$A:$A,0)),0)+IFERROR(INDEX(February!$AN:$AN,MATCH($A34,February!$A:$A,0)),0)+IFERROR(INDEX(March!$AQ:$AQ,MATCH($A34,March!$A:$A,0)),0)+IFERROR(INDEX(April!$AP:$AP,MATCH($A34,April!$A:$A,0)),0)+IFERROR(INDEX(May!$AQ:$AQ,MATCH($A34,May!$A:$A,0)),0)+IFERROR(INDEX(June!$AP:$AP,MATCH($A34,June!$A:$A,0)),0)+IFERROR(INDEX(July!$AQ:$AQ,MATCH($A34,July!$A:$A,0)),0)+IFERROR(INDEX(August!$AQ:$AQ,MATCH($A34,August!$A:$A,0)),0)+IFERROR(INDEX(September!$AP:$AP,MATCH($A34,September!$A:$A,0)),0)+IFERROR(INDEX(October!$AQ:$AQ,MATCH($A34,October!$A:$A,0)),0)+IFERROR(INDEX(November!$AP:$AP,MATCH($A34,November!$A:$A,0)),0)+IFERROR(INDEX(December!$AQ:$AQ,MATCH($A34,December!$A:$A,0)),0) -> 175.5 | V34: =IFERROR(INDEX(January!$AJ:$AJ,MATCH($A34,January!$A:$A,0)),0)+IFERROR(INDEX(February!$AG:$AG,MATCH($A34,February!$A:$A,0)),0)+IFERROR(INDEX(March!$AJ:$AJ,MATCH($A34,March!$A:$A,0)),0)+IFERROR(INDEX(April!$AI:$AI,MATCH($A34,April!$A:$A,0)),0)+IFERROR(INDEX(May!$AJ:$AJ,MATCH($A34,May!$A:$A,0)),0)+IFERROR(INDEX(June!$AI:$AI,MATCH($A34,June!$A:$A,0)),0)+IFERROR(INDEX(July!$AJ:$AJ,MATCH($A34,July!$A:$A,0)),0)+IFERROR(INDEX(August!$AJ:$AJ,MATCH($A34,August!$A:$A,0)),0)+IFERROR(INDEX(September!$AI:$AI,MATCH($A34,September!$A:$A,0)),0)+IFERROR(INDEX(October!$AJ:$AJ,MATCH($A34,October!$A:$A,0)),0)+IFERROR(INDEX(November!$AI:$AI,MATCH($A34,November!$A:$A,0)),0)+IFERROR(INDEX(December!$AJ:$AJ,MATCH($A34,December!$A:$A,0)),0) -> 94 | W34: =IFERROR(INDEX(January!$AO:$AO,MATCH($A34,January!$A:$A,0)),0)+IFERROR(INDEX(February!$AL:$AL,MATCH($A34,February!$A:$A,0)),0)+IFERROR(INDEX(March!$AO:$AO,MATCH($A34,March!$A:$A,0)),0)+IFERROR(INDEX(April!$AN:$AN,MATCH($A34,April!$A:$A,0)),0)+IFERROR(INDEX(May!$AO:$AO,MATCH($A34,May!$A:$A,0)),0)+IFERROR(INDEX(June!$AN:$AN,MATCH($A34,June!$A:$A,0)),0)+IFERROR(INDEX(July!$AO:$AO,MATCH($A34,July!$A:$A,0)),0)+IFERROR(INDEX(August!$AO:$AO,MATCH($A34,August!$A:$A,0)),0)+IFERROR(INDEX(September!$AN:$AN,MATCH($A34,September!$A:$A,0)),0)+IFERROR(INDEX(October!$AO:$AO,MATCH($A34,October!$A:$A,0)),0)+IFERROR(INDEX(November!$AN:$AN,MATCH($A34,November!$A:$A,0)),0)+IFERROR(INDEX(December!$AO:$AO,MATCH($A34,December!$A:$A,0)),0) -> 13 | X34: =W34/2 -> 6.5 | Y34: =(IFERROR(INDEX(January!$AL:$AL,MATCH($A34,January!$A:$A,0)),0)+IFERROR(INDEX(February!$AI:$AI,MATCH($A34,February!$A:$A,0)),0)+IFERROR(INDEX(March!$AL:$AL,MATCH($A34,March!$A:$A,0)),0)+IFERROR(INDEX(April!$AK:$AK,MATCH($A34,April!$A:$A,0)),0)+IFERROR(INDEX(May!$AL:$AL,MATCH($A34,May!$A:$A,0)),0)+IFERROR(INDEX(June!$AK:$AK,MATCH($A34,June!$A:$A,0)),0)+IFERROR(INDEX(July!$AL:$AL,MATCH($A34,July!$A:$A,0)),0)+IFERROR(INDEX(August!$AL:$AL,MATCH($A34,August!$A:$A,0)),0)+IFERROR(INDEX(September!$AK:$AK,MATCH($A34,September!$A:$A,0)),0)+IFERROR(INDEX(October!$AL:$AL,MATCH($A34,October!$A:$A,0)),0)+IFERROR(INDEX(November!$AK:$AK,MATCH($A34,November!$A:$A,0)),0)+IFERROR(INDEX(December!$AL:$AL,MATCH($A34,December!$A:$A,0)),0))*0.5 -> 9 | Z34: =IFERROR(INDEX(January!$AK:$AK,MATCH($A34,January!$A:$A,0)),0)+IFERROR(INDEX(February!$AH:$AH,MATCH($A34,February!$A:$A,0)),0)+IFERROR(INDEX(March!$AK:$AK,MATCH($A34,March!$A:$A,0)),0)+IFERROR(INDEX(April!$AJ:$AJ,MATCH($A34,April!$A:$A,0)),0)+IFERROR(INDEX(May!$AK:$AK,MATCH($A34,May!$A:$A,0)),0)+IFERROR(INDEX(June!$AJ:$AJ,MATCH($A34,June!$A:$A,0)),0)+IFERROR(INDEX(July!$AK:$AK,MATCH($A34,July!$A:$A,0)),0)+IFERROR(INDEX(August!$AK:$AK,MATCH($A34,August!$A:$A,0)),0)+IFERROR(INDEX(September!$AJ:$AJ,MATCH($A34,September!$A:$A,0)),0)+IFERROR(INDEX(October!$AK:$AK,MATCH($A34,October!$A:$A,0)),0)+IFERROR(INDEX(November!$AJ:$AJ,MATCH($A34,November!$A:$A,0)),0)+IFERROR(INDEX(December!$AK:$AK,MATCH($A34,December!$A:$A,0)),0) -> 6 | AA34: =Y34+Z34 -> 15 | AB34: 17 | AC34: =AA34+IF(AB34="",0,AB34) -> 32 | AE34: =AC34-IF(AD34="",0,AD34) -> 32
A35: 358 | B35: MACUMI JMV | C35: MAINTENANCE | D35: 0 | E35: 0 | F35: 0 | G35: 0 | H35: 0 | I35: 0 | J35: 0 | K35: 0 | L35: 0 | M35: 28 | N35: 22 | O35: 29 | P35: =IFERROR(INDEX(January!$AI:$AI,MATCH($A35,January!$A:$A,0)),0)+IFERROR(INDEX(February!$AF:$AF,MATCH($A35,February!$A:$A,0)),0)+IFERROR(INDEX(March!$AI:$AI,MATCH($A35,March!$A:$A,0)),0)+IFERROR(INDEX(April!$AH:$AH,MATCH($A35,April!$A:$A,0)),0)+IFERROR(INDEX(May!$AI:$AI,MATCH($A35,May!$A:$A,0)),0)+IFERROR(INDEX(June!$AH:$AH,MATCH($A35,June!$A:$A,0)),0)+IFERROR(INDEX(July!$AI:$AI,MATCH($A35,July!$A:$A,0)),0)+IFERROR(INDEX(August!$AI:$AI,MATCH($A35,August!$A:$A,0)),0)+IFERROR(INDEX(September!$AH:$AH,MATCH($A35,September!$A:$A,0)),0)+IFERROR(INDEX(October!$AI:$AI,MATCH($A35,October!$A:$A,0)),0)+IFERROR(INDEX(November!$AH:$AH,MATCH($A35,November!$A:$A,0)),0)+IFERROR(INDEX(December!$AI:$AI,MATCH($A35,December!$A:$A,0)),0) -> 63 | Q35: =IFERROR(INDEX(January!$AJ:$AJ,MATCH($A35,January!$A:$A,0)),0)+IFERROR(INDEX(February!$AG:$AG,MATCH($A35,February!$A:$A,0)),0)+IFERROR(INDEX(March!$AJ:$AJ,MATCH($A35,March!$A:$A,0)),0)+IFERROR(INDEX(April!$AI:$AI,MATCH($A35,April!$A:$A,0)),0)+IFERROR(INDEX(May!$AJ:$AJ,MATCH($A35,May!$A:$A,0)),0)+IFERROR(INDEX(June!$AI:$AI,MATCH($A35,June!$A:$A,0)),0)+IFERROR(INDEX(July!$AJ:$AJ,MATCH($A35,July!$A:$A,0)),0)+IFERROR(INDEX(August!$AJ:$AJ,MATCH($A35,August!$A:$A,0)),0)+IFERROR(INDEX(September!$AI:$AI,MATCH($A35,September!$A:$A,0)),0)+IFERROR(INDEX(October!$AJ:$AJ,MATCH($A35,October!$A:$A,0)),0)+IFERROR(INDEX(November!$AI:$AI,MATCH($A35,November!$A:$A,0)),0)+IFERROR(INDEX(December!$AJ:$AJ,MATCH($A35,December!$A:$A,0)),0) -> 198 | R35: =IFERROR(INDEX(January!$AK:$AK,MATCH($A35,January!$A:$A,0)),0)+IFERROR(INDEX(February!$AH:$AH,MATCH($A35,February!$A:$A,0)),0)+IFERROR(INDEX(March!$AK:$AK,MATCH($A35,March!$A:$A,0)),0)+IFERROR(INDEX(April!$AJ:$AJ,MATCH($A35,April!$A:$A,0)),0)+IFERROR(INDEX(May!$AK:$AK,MATCH($A35,May!$A:$A,0)),0)+IFERROR(INDEX(June!$AJ:$AJ,MATCH($A35,June!$A:$A,0)),0)+IFERROR(INDEX(July!$AK:$AK,MATCH($A35,July!$A:$A,0)),0)+IFERROR(INDEX(August!$AK:$AK,MATCH($A35,August!$A:$A,0)),0)+IFERROR(INDEX(September!$AJ:$AJ,MATCH($A35,September!$A:$A,0)),0)+IFERROR(INDEX(October!$AK:$AK,MATCH($A35,October!$A:$A,0)),0)+IFERROR(INDEX(November!$AJ:$AJ,MATCH($A35,November!$A:$A,0)),0)+IFERROR(INDEX(December!$AK:$AK,MATCH($A35,December!$A:$A,0)),0) -> 8 | S35: =IF((P35+Q35)=0,"",P35/(P35+Q35)) -> 0.24137931 | U35: =IFERROR(INDEX(January!$AQ:$AQ,MATCH($A35,January!$A:$A,0)),0)+IFERROR(INDEX(February!$AN:$AN,MATCH($A35,February!$A:$A,0)),0)+IFERROR(INDEX(March!$AQ:$AQ,MATCH($A35,March!$A:$A,0)),0)+IFERROR(INDEX(April!$AP:$AP,MATCH($A35,April!$A:$A,0)),0)+IFERROR(INDEX(May!$AQ:$AQ,MATCH($A35,May!$A:$A,0)),0)+IFERROR(INDEX(June!$AP:$AP,MATCH($A35,June!$A:$A,0)),0)+IFERROR(INDEX(July!$AQ:$AQ,MATCH($A35,July!$A:$A,0)),0)+IFERROR(INDEX(August!$AQ:$AQ,MATCH($A35,August!$A:$A,0)),0)+IFERROR(INDEX(September!$AP:$AP,MATCH($A35,September!$A:$A,0)),0)+IFERROR(INDEX(October!$AQ:$AQ,MATCH($A35,October!$A:$A,0)),0)+IFERROR(INDEX(November!$AP:$AP,MATCH($A35,November!$A:$A,0)),0)+IFERROR(INDEX(December!$AQ:$AQ,MATCH($A35,December!$A:$A,0)),0) -> 72.5 | V35: =IFERROR(INDEX(January!$AJ:$AJ,MATCH($A35,January!$A:$A,0)),0)+IFERROR(INDEX(February!$AG:$AG,MATCH($A35,February!$A:$A,0)),0)+IFERROR(INDEX(March!$AJ:$AJ,MATCH($A35,March!$A:$A,0)),0)+IFERROR(INDEX(April!$AI:$AI,MATCH($A35,April!$A:$A,0)),0)+IFERROR(INDEX(May!$AJ:$AJ,MATCH($A35,May!$A:$A,0)),0)+IFERROR(INDEX(June!$AI:$AI,MATCH($A35,June!$A:$A,0)),0)+IFERROR(INDEX(July!$AJ:$AJ,MATCH($A35,July!$A:$A,0)),0)+IFERROR(INDEX(August!$AJ:$AJ,MATCH($A35,August!$A:$A,0)),0)+IFERROR(INDEX(September!$AI:$AI,MATCH($A35,September!$A:$A,0)),0)+IFERROR(INDEX(October!$AJ:$AJ,MATCH($A35,October!$A:$A,0)),0)+IFERROR(INDEX(November!$AI:$AI,MATCH($A35,November!$A:$A,0)),0)+IFERROR(INDEX(December!$AJ:$AJ,MATCH($A35,December!$A:$A,0)),0) -> 198 | W35: =IFERROR(INDEX(January!$AO:$AO,MATCH($A35,January!$A:$A,0)),0)+IFERROR(INDEX(February!$AL:$AL,MATCH($A35,February!$A:$A,0)),0)+IFERROR(INDEX(March!$AO:$AO,MATCH($A35,March!$A:$A,0)),0)+IFERROR(INDEX(April!$AN:$AN,MATCH($A35,April!$A:$A,0)),0)+IFERROR(INDEX(May!$AO:$AO,MATCH($A35,May!$A:$A,0)),0)+IFERROR(INDEX(June!$AN:$AN,MATCH($A35,June!$A:$A,0)),0)+IFERROR(INDEX(July!$AO:$AO,MATCH($A35,July!$A:$A,0)),0)+IFERROR(INDEX(August!$AO:$AO,MATCH($A35,August!$A:$A,0)),0)+IFERROR(INDEX(September!$AN:$AN,MATCH($A35,September!$A:$A,0)),0)+IFERROR(INDEX(October!$AO:$AO,MATCH($A35,October!$A:$A,0)),0)+IFERROR(INDEX(November!$AN:$AN,MATCH($A35,November!$A:$A,0)),0)+IFERROR(INDEX(December!$AO:$AO,MATCH($A35,December!$A:$A,0)),0) -> 5 | X35: =W35/2 -> 2.5 | Y35: =(IFERROR(INDEX(January!$AL:$AL,MATCH($A35,January!$A:$A,0)),0)+IFERROR(INDEX(February!$AI:$AI,MATCH($A35,February!$A:$A,0)),0)+IFERROR(INDEX(March!$AL:$AL,MATCH($A35,March!$A:$A,0)),0)+IFERROR(INDEX(April!$AK:$AK,MATCH($A35,April!$A:$A,0)),0)+IFERROR(INDEX(May!$AL:$AL,MATCH($A35,May!$A:$A,0)),0)+IFERROR(INDEX(June!$AK:$AK,MATCH($A35,June!$A:$A,0)),0)+IFERROR(INDEX(July!$AL:$AL,MATCH($A35,July!$A:$A,0)),0)+IFERROR(INDEX(August!$AL:$AL,MATCH($A35,August!$A:$A,0)),0)+IFERROR(INDEX(September!$AK:$AK,MATCH($A35,September!$A:$A,0)),0)+IFERROR(INDEX(October!$AL:$AL,MATCH($A35,October!$A:$A,0)),0)+IFERROR(INDEX(November!$AK:$AK,MATCH($A35,November!$A:$A,0)),0)+IFERROR(INDEX(December!$AL:$AL,MATCH($A35,December!$A:$A,0)),0))*0.5 -> 4 | Z35: =IFERROR(INDEX(January!$AK:$AK,MATCH($A35,January!$A:$A,0)),0)+IFERROR(INDEX(February!$AH:$AH,MATCH($A35,February!$A:$A,0)),0)+IFERROR(INDEX(March!$AK:$AK,MATCH($A35,March!$A:$A,0)),0)+IFERROR(INDEX(April!$AJ:$AJ,MATCH($A35,April!$A:$A,0)),0)+IFERROR(INDEX(May!$AK:$AK,MATCH($A35,May!$A:$A,0)),0)+IFERROR(INDEX(June!$AJ:$AJ,MATCH($A35,June!$A:$A,0)),0)+IFERROR(INDEX(July!$AK:$AK,MATCH($A35,July!$A:$A,0)),0)+IFERROR(INDEX(August!$AK:$AK,MATCH($A35,August!$A:$A,0)),0)+IFERROR(INDEX(September!$AJ:$AJ,MATCH($A35,September!$A:$A,0)),0)+IFERROR(INDEX(October!$AK:$AK,MATCH($A35,October!$A:$A,0)),0)+IFERROR(INDEX(November!$AJ:$AJ,MATCH($A35,November!$A:$A,0)),0)+IFERROR(INDEX(December!$AK:$AK,MATCH($A35,December!$A:$A,0)),0) -> 8 | AA35: =Y35+Z35 -> 12 | AB35: 17 | AC35: =AA35+IF(AB35="",0,AB35) -> 29 | AE35: =AC35-IF(AD35="",0,AD35) -> 29
A36: 2356 | B36: Mikael Larsson | C36: MAINTENANCE | D36: 21 | E36: 24 | F36: 25 | G36: 4 | H36: 12 | I36: 23 | J36: 25 | K36: 16 | L36: 0 | M36: 0 | N36: 0 | O36: 0 | P36: =IFERROR(INDEX(January!$AI:$AI,MATCH($A36,January!$A:$A,0)),0)+IFERROR(INDEX(February!$AF:$AF,MATCH($A36,February!$A:$A,0)),0)+IFERROR(INDEX(March!$AI:$AI,MATCH($A36,March!$A:$A,0)),0)+IFERROR(INDEX(April!$AH:$AH,MATCH($A36,April!$A:$A,0)),0)+IFERROR(INDEX(May!$AI:$AI,MATCH($A36,May!$A:$A,0)),0)+IFERROR(INDEX(June!$AH:$AH,MATCH($A36,June!$A:$A,0)),0)+IFERROR(INDEX(July!$AI:$AI,MATCH($A36,July!$A:$A,0)),0)+IFERROR(INDEX(August!$AI:$AI,MATCH($A36,August!$A:$A,0)),0)+IFERROR(INDEX(September!$AH:$AH,MATCH($A36,September!$A:$A,0)),0)+IFERROR(INDEX(October!$AI:$AI,MATCH($A36,October!$A:$A,0)),0)+IFERROR(INDEX(November!$AH:$AH,MATCH($A36,November!$A:$A,0)),0)+IFERROR(INDEX(December!$AI:$AI,MATCH($A36,December!$A:$A,0)),0) -> 129 | Q36: =IFERROR(INDEX(January!$AJ:$AJ,MATCH($A36,January!$A:$A,0)),0)+IFERROR(INDEX(February!$AG:$AG,MATCH($A36,February!$A:$A,0)),0)+IFERROR(INDEX(March!$AJ:$AJ,MATCH($A36,March!$A:$A,0)),0)+IFERROR(INDEX(April!$AI:$AI,MATCH($A36,April!$A:$A,0)),0)+IFERROR(INDEX(May!$AJ:$AJ,MATCH($A36,May!$A:$A,0)),0)+IFERROR(INDEX(June!$AI:$AI,MATCH($A36,June!$A:$A,0)),0)+IFERROR(INDEX(July!$AJ:$AJ,MATCH($A36,July!$A:$A,0)),0)+IFERROR(INDEX(August!$AJ:$AJ,MATCH($A36,August!$A:$A,0)),0)+IFERROR(INDEX(September!$AI:$AI,MATCH($A36,September!$A:$A,0)),0)+IFERROR(INDEX(October!$AJ:$AJ,MATCH($A36,October!$A:$A,0)),0)+IFERROR(INDEX(November!$AI:$AI,MATCH($A36,November!$A:$A,0)),0)+IFERROR(INDEX(December!$AJ:$AJ,MATCH($A36,December!$A:$A,0)),0) -> 132 | R36: =IFERROR(INDEX(January!$AK:$AK,MATCH($A36,January!$A:$A,0)),0)+IFERROR(INDEX(February!$AH:$AH,MATCH($A36,February!$A:$A,0)),0)+IFERROR(INDEX(March!$AK:$AK,MATCH($A36,March!$A:$A,0)),0)+IFERROR(INDEX(April!$AJ:$AJ,MATCH($A36,April!$A:$A,0)),0)+IFERROR(INDEX(May!$AK:$AK,MATCH($A36,May!$A:$A,0)),0)+IFERROR(INDEX(June!$AJ:$AJ,MATCH($A36,June!$A:$A,0)),0)+IFERROR(INDEX(July!$AK:$AK,MATCH($A36,July!$A:$A,0)),0)+IFERROR(INDEX(August!$AK:$AK,MATCH($A36,August!$A:$A,0)),0)+IFERROR(INDEX(September!$AJ:$AJ,MATCH($A36,September!$A:$A,0)),0)+IFERROR(INDEX(October!$AK:$AK,MATCH($A36,October!$A:$A,0)),0)+IFERROR(INDEX(November!$AJ:$AJ,MATCH($A36,November!$A:$A,0)),0)+IFERROR(INDEX(December!$AK:$AK,MATCH($A36,December!$A:$A,0)),0) -> 0 | S36: =IF((P36+Q36)=0,"",P36/(P36+Q36)) -> 0.49425287 | U36: =IFERROR(INDEX(January!$AQ:$AQ,MATCH($A36,January!$A:$A,0)),0)+IFERROR(INDEX(February!$AN:$AN,MATCH($A36,February!$A:$A,0)),0)+IFERROR(INDEX(March!$AQ:$AQ,MATCH($A36,March!$A:$A,0)),0)+IFERROR(INDEX(April!$AP:$AP,MATCH($A36,April!$A:$A,0)),0)+IFERROR(INDEX(May!$AQ:$AQ,MATCH($A36,May!$A:$A,0)),0)+IFERROR(INDEX(June!$AP:$AP,MATCH($A36,June!$A:$A,0)),0)+IFERROR(INDEX(July!$AQ:$AQ,MATCH($A36,July!$A:$A,0)),0)+IFERROR(INDEX(August!$AQ:$AQ,MATCH($A36,August!$A:$A,0)),0)+IFERROR(INDEX(September!$AP:$AP,MATCH($A36,September!$A:$A,0)),0)+IFERROR(INDEX(October!$AQ:$AQ,MATCH($A36,October!$A:$A,0)),0)+IFERROR(INDEX(November!$AP:$AP,MATCH($A36,November!$A:$A,0)),0)+IFERROR(INDEX(December!$AQ:$AQ,MATCH($A36,December!$A:$A,0)),0) -> 137 | V36: =IFERROR(INDEX(January!$AJ:$AJ,MATCH($A36,January!$A:$A,0)),0)+IFERROR(INDEX(February!$AG:$AG,MATCH($A36,February!$A:$A,0)),0)+IFERROR(INDEX(March!$AJ:$AJ,MATCH($A36,March!$A:$A,0)),0)+IFERROR(INDEX(April!$AI:$AI,MATCH($A36,April!$A:$A,0)),0)+IFERROR(INDEX(May!$AJ:$AJ,MATCH($A36,May!$A:$A,0)),0)+IFERROR(INDEX(June!$AI:$AI,MATCH($A36,June!$A:$A,0)),0)+IFERROR(INDEX(July!$AJ:$AJ,MATCH($A36,July!$A:$A,0)),0)+IFERROR(INDEX(August!$AJ:$AJ,MATCH($A36,August!$A:$A,0)),0)+IFERROR(INDEX(September!$AI:$AI,MATCH($A36,September!$A:$A,0)),0)+IFERROR(INDEX(October!$AJ:$AJ,MATCH($A36,October!$A:$A,0)),0)+IFERROR(INDEX(November!$AI:$AI,MATCH($A36,November!$A:$A,0)),0)+IFERROR(INDEX(December!$AJ:$AJ,MATCH($A36,December!$A:$A,0)),0) -> 132 | W36: =IFERROR(INDEX(January!$AO:$AO,MATCH($A36,January!$A:$A,0)),0)+IFERROR(INDEX(February!$AL:$AL,MATCH($A36,February!$A:$A,0)),0)+IFERROR(INDEX(March!$AO:$AO,MATCH($A36,March!$A:$A,0)),0)+IFERROR(INDEX(April!$AN:$AN,MATCH($A36,April!$A:$A,0)),0)+IFERROR(INDEX(May!$AO:$AO,MATCH($A36,May!$A:$A,0)),0)+IFERROR(INDEX(June!$AN:$AN,MATCH($A36,June!$A:$A,0)),0)+IFERROR(INDEX(July!$AO:$AO,MATCH($A36,July!$A:$A,0)),0)+IFERROR(INDEX(August!$AO:$AO,MATCH($A36,August!$A:$A,0)),0)+IFERROR(INDEX(September!$AN:$AN,MATCH($A36,September!$A:$A,0)),0)+IFERROR(INDEX(October!$AO:$AO,MATCH($A36,October!$A:$A,0)),0)+IFERROR(INDEX(November!$AN:$AN,MATCH($A36,November!$A:$A,0)),0)+IFERROR(INDEX(December!$AO:$AO,MATCH($A36,December!$A:$A,0)),0) -> 5 | X36: =W36/2 -> 2.5 | Y36: =(IFERROR(INDEX(January!$AL:$AL,MATCH($A36,January!$A:$A,0)),0)+IFERROR(INDEX(February!$AI:$AI,MATCH($A36,February!$A:$A,0)),0)+IFERROR(INDEX(March!$AL:$AL,MATCH($A36,March!$A:$A,0)),0)+IFERROR(INDEX(April!$AK:$AK,MATCH($A36,April!$A:$A,0)),0)+IFERROR(INDEX(May!$AL:$AL,MATCH($A36,May!$A:$A,0)),0)+IFERROR(INDEX(June!$AK:$AK,MATCH($A36,June!$A:$A,0)),0)+IFERROR(INDEX(July!$AL:$AL,MATCH($A36,July!$A:$A,0)),0)+IFERROR(INDEX(August!$AL:$AL,MATCH($A36,August!$A:$A,0)),0)+IFERROR(INDEX(September!$AK:$AK,MATCH($A36,September!$A:$A,0)),0)+IFERROR(INDEX(October!$AL:$AL,MATCH($A36,October!$A:$A,0)),0)+IFERROR(INDEX(November!$AK:$AK,MATCH($A36,November!$A:$A,0)),0)+IFERROR(INDEX(December!$AL:$AL,MATCH($A36,December!$A:$A,0)),0))*0.5 -> 10.5 | Z36: =IFERROR(INDEX(January!$AK:$AK,MATCH($A36,January!$A:$A,0)),0)+IFERROR(INDEX(February!$AH:$AH,MATCH($A36,February!$A:$A,0)),0)+IFERROR(INDEX(March!$AK:$AK,MATCH($A36,March!$A:$A,0)),0)+IFERROR(INDEX(April!$AJ:$AJ,MATCH($A36,April!$A:$A,0)),0)+IFERROR(INDEX(May!$AK:$AK,MATCH($A36,May!$A:$A,0)),0)+IFERROR(INDEX(June!$AJ:$AJ,MATCH($A36,June!$A:$A,0)),0)+IFERROR(INDEX(July!$AK:$AK,MATCH($A36,July!$A:$A,0)),0)+IFERROR(INDEX(August!$AK:$AK,MATCH($A36,August!$A:$A,0)),0)+IFERROR(INDEX(September!$AJ:$AJ,MATCH($A36,September!$A:$A,0)),0)+IFERROR(INDEX(October!$AK:$AK,MATCH($A36,October!$A:$A,0)),0)+IFERROR(INDEX(November!$AJ:$AJ,MATCH($A36,November!$A:$A,0)),0)+IFERROR(INDEX(December!$AK:$AK,MATCH($A36,December!$A:$A,0)),0) -> 0 | AA36: =Y36+Z36 -> 10.5 | AB36: 17 | AC36: =AA36+IF(AB36="",0,AB36) -> 27.5 | AE36: =AC36-IF(AD36="",0,AD36) -> 27.5
A38: ► OPERATORS
A39: 209 | B39: NZAYINAMBAHO JAMES | C39: OPERATORS | D39: 29 | E39: 27 | F39: 27 | G39: 3 | H39: 21 | I39: 24 | J39: 25 | K39: 24 | L39: 30 | M39: 13 | N39: 17 | O39: 25 | P39: =IFERROR(INDEX(January!$AI:$AI,MATCH($A39,January!$A:$A,0)),0)+IFERROR(INDEX(February!$AF:$AF,MATCH($A39,February!$A:$A,0)),0)+IFERROR(INDEX(March!$AI:$AI,MATCH($A39,March!$A:$A,0)),0)+IFERROR(INDEX(April!$AH:$AH,MATCH($A39,April!$A:$A,0)),0)+IFERROR(INDEX(May!$AI:$AI,MATCH($A39,May!$A:$A,0)),0)+IFERROR(INDEX(June!$AH:$AH,MATCH($A39,June!$A:$A,0)),0)+IFERROR(INDEX(July!$AI:$AI,MATCH($A39,July!$A:$A,0)),0)+IFERROR(INDEX(August!$AI:$AI,MATCH($A39,August!$A:$A,0)),0)+IFERROR(INDEX(September!$AH:$AH,MATCH($A39,September!$A:$A,0)),0)+IFERROR(INDEX(October!$AI:$AI,MATCH($A39,October!$A:$A,0)),0)+IFERROR(INDEX(November!$AH:$AH,MATCH($A39,November!$A:$A,0)),0)+IFERROR(INDEX(December!$AI:$AI,MATCH($A39,December!$A:$A,0)),0) -> 188 | Q39: =IFERROR(INDEX(January!$AJ:$AJ,MATCH($A39,January!$A:$A,0)),0)+IFERROR(INDEX(February!$AG:$AG,MATCH($A39,February!$A:$A,0)),0)+IFERROR(INDEX(March!$AJ:$AJ,MATCH($A39,March!$A:$A,0)),0)+IFERROR(INDEX(April!$AI:$AI,MATCH($A39,April!$A:$A,0)),0)+IFERROR(INDEX(May!$AJ:$AJ,MATCH($A39,May!$A:$A,0)),0)+IFERROR(INDEX(June!$AI:$AI,MATCH($A39,June!$A:$A,0)),0)+IFERROR(INDEX(July!$AJ:$AJ,MATCH($A39,July!$A:$A,0)),0)+IFERROR(INDEX(August!$AJ:$AJ,MATCH($A39,August!$A:$A,0)),0)+IFERROR(INDEX(September!$AI:$AI,MATCH($A39,September!$A:$A,0)),0)+IFERROR(INDEX(October!$AJ:$AJ,MATCH($A39,October!$A:$A,0)),0)+IFERROR(INDEX(November!$AI:$AI,MATCH($A39,November!$A:$A,0)),0)+IFERROR(INDEX(December!$AJ:$AJ,MATCH($A39,December!$A:$A,0)),0) -> 73 | R39: =IFERROR(INDEX(January!$AK:$AK,MATCH($A39,January!$A:$A,0)),0)+IFERROR(INDEX(February!$AH:$AH,MATCH($A39,February!$A:$A,0)),0)+IFERROR(INDEX(March!$AK:$AK,MATCH($A39,March!$A:$A,0)),0)+IFERROR(INDEX(April!$AJ:$AJ,MATCH($A39,April!$A:$A,0)),0)+IFERROR(INDEX(May!$AK:$AK,MATCH($A39,May!$A:$A,0)),0)+IFERROR(INDEX(June!$AJ:$AJ,MATCH($A39,June!$A:$A,0)),0)+IFERROR(INDEX(July!$AK:$AK,MATCH($A39,July!$A:$A,0)),0)+IFERROR(INDEX(August!$AK:$AK,MATCH($A39,August!$A:$A,0)),0)+IFERROR(INDEX(September!$AJ:$AJ,MATCH($A39,September!$A:$A,0)),0)+IFERROR(INDEX(October!$AK:$AK,MATCH($A39,October!$A:$A,0)),0)+IFERROR(INDEX(November!$AJ:$AJ,MATCH($A39,November!$A:$A,0)),0)+IFERROR(INDEX(December!$AK:$AK,MATCH($A39,December!$A:$A,0)),0) -> 37 | S39: =IF((P39+Q39)=0,"",P39/(P39+Q39)) -> 0.72030651 | U39: =IFERROR(INDEX(January!$AQ:$AQ,MATCH($A39,January!$A:$A,0)),0)+IFERROR(INDEX(February!$AN:$AN,MATCH($A39,February!$A:$A,0)),0)+IFERROR(INDEX(March!$AQ:$AQ,MATCH($A39,March!$A:$A,0)),0)+IFERROR(INDEX(April!$AP:$AP,MATCH($A39,April!$A:$A,0)),0)+IFERROR(INDEX(May!$AQ:$AQ,MATCH($A39,May!$A:$A,0)),0)+IFERROR(INDEX(June!$AP:$AP,MATCH($A39,June!$A:$A,0)),0)+IFERROR(INDEX(July!$AQ:$AQ,MATCH($A39,July!$A:$A,0)),0)+IFERROR(INDEX(August!$AQ:$AQ,MATCH($A39,August!$A:$A,0)),0)+IFERROR(INDEX(September!$AP:$AP,MATCH($A39,September!$A:$A,0)),0)+IFERROR(INDEX(October!$AQ:$AQ,MATCH($A39,October!$A:$A,0)),0)+IFERROR(INDEX(November!$AP:$AP,MATCH($A39,November!$A:$A,0)),0)+IFERROR(INDEX(December!$AQ:$AQ,MATCH($A39,December!$A:$A,0)),0) -> 244 | V39: =IFERROR(INDEX(January!$AJ:$AJ,MATCH($A39,January!$A:$A,0)),0)+IFERROR(INDEX(February!$AG:$AG,MATCH($A39,February!$A:$A,0)),0)+IFERROR(INDEX(March!$AJ:$AJ,MATCH($A39,March!$A:$A,0)),0)+IFERROR(INDEX(April!$AI:$AI,MATCH($A39,April!$A:$A,0)),0)+IFERROR(INDEX(May!$AJ:$AJ,MATCH($A39,May!$A:$A,0)),0)+IFERROR(INDEX(June!$AI:$AI,MATCH($A39,June!$A:$A,0)),0)+IFERROR(INDEX(July!$AJ:$AJ,MATCH($A39,July!$A:$A,0)),0)+IFERROR(INDEX(August!$AJ:$AJ,MATCH($A39,August!$A:$A,0)),0)+IFERROR(INDEX(September!$AI:$AI,MATCH($A39,September!$A:$A,0)),0)+IFERROR(INDEX(October!$AJ:$AJ,MATCH($A39,October!$A:$A,0)),0)+IFERROR(INDEX(November!$AI:$AI,MATCH($A39,November!$A:$A,0)),0)+IFERROR(INDEX(December!$AJ:$AJ,MATCH($A39,December!$A:$A,0)),0) -> 73 | W39: =IFERROR(INDEX(January!$AO:$AO,MATCH($A39,January!$A:$A,0)),0)+IFERROR(INDEX(February!$AL:$AL,MATCH($A39,February!$A:$A,0)),0)+IFERROR(INDEX(March!$AO:$AO,MATCH($A39,March!$A:$A,0)),0)+IFERROR(INDEX(April!$AN:$AN,MATCH($A39,April!$A:$A,0)),0)+IFERROR(INDEX(May!$AO:$AO,MATCH($A39,May!$A:$A,0)),0)+IFERROR(INDEX(June!$AN:$AN,MATCH($A39,June!$A:$A,0)),0)+IFERROR(INDEX(July!$AO:$AO,MATCH($A39,July!$A:$A,0)),0)+IFERROR(INDEX(August!$AO:$AO,MATCH($A39,August!$A:$A,0)),0)+IFERROR(INDEX(September!$AN:$AN,MATCH($A39,September!$A:$A,0)),0)+IFERROR(INDEX(October!$AO:$AO,MATCH($A39,October!$A:$A,0)),0)+IFERROR(INDEX(November!$AN:$AN,MATCH($A39,November!$A:$A,0)),0)+IFERROR(INDEX(December!$AO:$AO,MATCH($A39,December!$A:$A,0)),0) -> 2 | X39: =W39/2 -> 1 | Y39: =(IFERROR(INDEX(January!$AL:$AL,MATCH($A39,January!$A:$A,0)),0)+IFERROR(INDEX(February!$AI:$AI,MATCH($A39,February!$A:$A,0)),0)+IFERROR(INDEX(March!$AL:$AL,MATCH($A39,March!$A:$A,0)),0)+IFERROR(INDEX(April!$AK:$AK,MATCH($A39,April!$A:$A,0)),0)+IFERROR(INDEX(May!$AL:$AL,MATCH($A39,May!$A:$A,0)),0)+IFERROR(INDEX(June!$AK:$AK,MATCH($A39,June!$A:$A,0)),0)+IFERROR(INDEX(July!$AL:$AL,MATCH($A39,July!$A:$A,0)),0)+IFERROR(INDEX(August!$AL:$AL,MATCH($A39,August!$A:$A,0)),0)+IFERROR(INDEX(September!$AK:$AK,MATCH($A39,September!$A:$A,0)),0)+IFERROR(INDEX(October!$AL:$AL,MATCH($A39,October!$A:$A,0)),0)+IFERROR(INDEX(November!$AK:$AK,MATCH($A39,November!$A:$A,0)),0)+IFERROR(INDEX(December!$AL:$AL,MATCH($A39,December!$A:$A,0)),0))*0.5 -> 20 | Z39: =IFERROR(INDEX(January!$AK:$AK,MATCH($A39,January!$A:$A,0)),0)+IFERROR(INDEX(February!$AH:$AH,MATCH($A39,February!$A:$A,0)),0)+IFERROR(INDEX(March!$AK:$AK,MATCH($A39,March!$A:$A,0)),0)+IFERROR(INDEX(April!$AJ:$AJ,MATCH($A39,April!$A:$A,0)),0)+IFERROR(INDEX(May!$AK:$AK,MATCH($A39,May!$A:$A,0)),0)+IFERROR(INDEX(June!$AJ:$AJ,MATCH($A39,June!$A:$A,0)),0)+IFERROR(INDEX(July!$AK:$AK,MATCH($A39,July!$A:$A,0)),0)+IFERROR(INDEX(August!$AK:$AK,MATCH($A39,August!$A:$A,0)),0)+IFERROR(INDEX(September!$AJ:$AJ,MATCH($A39,September!$A:$A,0)),0)+IFERROR(INDEX(October!$AK:$AK,MATCH($A39,October!$A:$A,0)),0)+IFERROR(INDEX(November!$AJ:$AJ,MATCH($A39,November!$A:$A,0)),0)+IFERROR(INDEX(December!$AK:$AK,MATCH($A39,December!$A:$A,0)),0) -> 37 | AA39: =Y39+Z39 -> 57 | AB39: 17 | AC39: =AA39+IF(AB39="",0,AB39) -> 74 | AD39: 49 | AE39: =AC39-IF(AD39="",0,AD39) -> 25
A40: 210 | B40: HABIMANA JUSTIN | C40: OPERATORS | D40: 16 | E40: 24 | F40: 19 | G40: 11 | H40: 22 | I40: 23 | J40: 27 | K40: 31 | L40: 23 | M40: 5 | N40: 15 | O40: 21 | P40: =IFERROR(INDEX(January!$AI:$AI,MATCH($A40,January!$A:$A,0)),0)+IFERROR(INDEX(February!$AF:$AF,MATCH($A40,February!$A:$A,0)),0)+IFERROR(INDEX(March!$AI:$AI,MATCH($A40,March!$A:$A,0)),0)+IFERROR(INDEX(April!$AH:$AH,MATCH($A40,April!$A:$A,0)),0)+IFERROR(INDEX(May!$AI:$AI,MATCH($A40,May!$A:$A,0)),0)+IFERROR(INDEX(June!$AH:$AH,MATCH($A40,June!$A:$A,0)),0)+IFERROR(INDEX(July!$AI:$AI,MATCH($A40,July!$A:$A,0)),0)+IFERROR(INDEX(August!$AI:$AI,MATCH($A40,August!$A:$A,0)),0)+IFERROR(INDEX(September!$AH:$AH,MATCH($A40,September!$A:$A,0)),0)+IFERROR(INDEX(October!$AI:$AI,MATCH($A40,October!$A:$A,0)),0)+IFERROR(INDEX(November!$AH:$AH,MATCH($A40,November!$A:$A,0)),0)+IFERROR(INDEX(December!$AI:$AI,MATCH($A40,December!$A:$A,0)),0) -> 173 | Q40: =IFERROR(INDEX(January!$AJ:$AJ,MATCH($A40,January!$A:$A,0)),0)+IFERROR(INDEX(February!$AG:$AG,MATCH($A40,February!$A:$A,0)),0)+IFERROR(INDEX(March!$AJ:$AJ,MATCH($A40,March!$A:$A,0)),0)+IFERROR(INDEX(April!$AI:$AI,MATCH($A40,April!$A:$A,0)),0)+IFERROR(INDEX(May!$AJ:$AJ,MATCH($A40,May!$A:$A,0)),0)+IFERROR(INDEX(June!$AI:$AI,MATCH($A40,June!$A:$A,0)),0)+IFERROR(INDEX(July!$AJ:$AJ,MATCH($A40,July!$A:$A,0)),0)+IFERROR(INDEX(August!$AJ:$AJ,MATCH($A40,August!$A:$A,0)),0)+IFERROR(INDEX(September!$AI:$AI,MATCH($A40,September!$A:$A,0)),0)+IFERROR(INDEX(October!$AJ:$AJ,MATCH($A40,October!$A:$A,0)),0)+IFERROR(INDEX(November!$AI:$AI,MATCH($A40,November!$A:$A,0)),0)+IFERROR(INDEX(December!$AJ:$AJ,MATCH($A40,December!$A:$A,0)),0) -> 88 | R40: =IFERROR(INDEX(January!$AK:$AK,MATCH($A40,January!$A:$A,0)),0)+IFERROR(INDEX(February!$AH:$AH,MATCH($A40,February!$A:$A,0)),0)+IFERROR(INDEX(March!$AK:$AK,MATCH($A40,March!$A:$A,0)),0)+IFERROR(INDEX(April!$AJ:$AJ,MATCH($A40,April!$A:$A,0)),0)+IFERROR(INDEX(May!$AK:$AK,MATCH($A40,May!$A:$A,0)),0)+IFERROR(INDEX(June!$AJ:$AJ,MATCH($A40,June!$A:$A,0)),0)+IFERROR(INDEX(July!$AK:$AK,MATCH($A40,July!$A:$A,0)),0)+IFERROR(INDEX(August!$AK:$AK,MATCH($A40,August!$A:$A,0)),0)+IFERROR(INDEX(September!$AJ:$AJ,MATCH($A40,September!$A:$A,0)),0)+IFERROR(INDEX(October!$AK:$AK,MATCH($A40,October!$A:$A,0)),0)+IFERROR(INDEX(November!$AJ:$AJ,MATCH($A40,November!$A:$A,0)),0)+IFERROR(INDEX(December!$AK:$AK,MATCH($A40,December!$A:$A,0)),0) -> 31 | S40: =IF((P40+Q40)=0,"",P40/(P40+Q40)) -> 0.66283525 | U40: =IFERROR(INDEX(January!$AQ:$AQ,MATCH($A40,January!$A:$A,0)),0)+IFERROR(INDEX(February!$AN:$AN,MATCH($A40,February!$A:$A,0)),0)+IFERROR(INDEX(March!$AQ:$AQ,MATCH($A40,March!$A:$A,0)),0)+IFERROR(INDEX(April!$AP:$AP,MATCH($A40,April!$A:$A,0)),0)+IFERROR(INDEX(May!$AQ:$AQ,MATCH($A40,May!$A:$A,0)),0)+IFERROR(INDEX(June!$AP:$AP,MATCH($A40,June!$A:$A,0)),0)+IFERROR(INDEX(July!$AQ:$AQ,MATCH($A40,July!$A:$A,0)),0)+IFERROR(INDEX(August!$AQ:$AQ,MATCH($A40,August!$A:$A,0)),0)+IFERROR(INDEX(September!$AP:$AP,MATCH($A40,September!$A:$A,0)),0)+IFERROR(INDEX(October!$AQ:$AQ,MATCH($A40,October!$A:$A,0)),0)+IFERROR(INDEX(November!$AP:$AP,MATCH($A40,November!$A:$A,0)),0)+IFERROR(INDEX(December!$AQ:$AQ,MATCH($A40,December!$A:$A,0)),0) -> 218.5 | V40: =IFERROR(INDEX(January!$AJ:$AJ,MATCH($A40,January!$A:$A,0)),0)+IFERROR(INDEX(February!$AG:$AG,MATCH($A40,February!$A:$A,0)),0)+IFERROR(INDEX(March!$AJ:$AJ,MATCH($A40,March!$A:$A,0)),0)+IFERROR(INDEX(April!$AI:$AI,MATCH($A40,April!$A:$A,0)),0)+IFERROR(INDEX(May!$AJ:$AJ,MATCH($A40,May!$A:$A,0)),0)+IFERROR(INDEX(June!$AI:$AI,MATCH($A40,June!$A:$A,0)),0)+IFERROR(INDEX(July!$AJ:$AJ,MATCH($A40,July!$A:$A,0)),0)+IFERROR(INDEX(August!$AJ:$AJ,MATCH($A40,August!$A:$A,0)),0)+IFERROR(INDEX(September!$AI:$AI,MATCH($A40,September!$A:$A,0)),0)+IFERROR(INDEX(October!$AJ:$AJ,MATCH($A40,October!$A:$A,0)),0)+IFERROR(INDEX(November!$AI:$AI,MATCH($A40,November!$A:$A,0)),0)+IFERROR(INDEX(December!$AJ:$AJ,MATCH($A40,December!$A:$A,0)),0) -> 88 | W40: =IFERROR(INDEX(January!$AO:$AO,MATCH($A40,January!$A:$A,0)),0)+IFERROR(INDEX(February!$AL:$AL,MATCH($A40,February!$A:$A,0)),0)+IFERROR(INDEX(March!$AO:$AO,MATCH($A40,March!$A:$A,0)),0)+IFERROR(INDEX(April!$AN:$AN,MATCH($A40,April!$A:$A,0)),0)+IFERROR(INDEX(May!$AO:$AO,MATCH($A40,May!$A:$A,0)),0)+IFERROR(INDEX(June!$AN:$AN,MATCH($A40,June!$A:$A,0)),0)+IFERROR(INDEX(July!$AO:$AO,MATCH($A40,July!$A:$A,0)),0)+IFERROR(INDEX(August!$AO:$AO,MATCH($A40,August!$A:$A,0)),0)+IFERROR(INDEX(September!$AN:$AN,MATCH($A40,September!$A:$A,0)),0)+IFERROR(INDEX(October!$AO:$AO,MATCH($A40,October!$A:$A,0)),0)+IFERROR(INDEX(November!$AN:$AN,MATCH($A40,November!$A:$A,0)),0)+IFERROR(INDEX(December!$AO:$AO,MATCH($A40,December!$A:$A,0)),0) -> 4 | X40: =W40/2 -> 2 | Y40: =(IFERROR(INDEX(January!$AL:$AL,MATCH($A40,January!$A:$A,0)),0)+IFERROR(INDEX(February!$AI:$AI,MATCH($A40,February!$A:$A,0)),0)+IFERROR(INDEX(March!$AL:$AL,MATCH($A40,March!$A:$A,0)),0)+IFERROR(INDEX(April!$AK:$AK,MATCH($A40,April!$A:$A,0)),0)+IFERROR(INDEX(May!$AL:$AL,MATCH($A40,May!$A:$A,0)),0)+IFERROR(INDEX(June!$AK:$AK,MATCH($A40,June!$A:$A,0)),0)+IFERROR(INDEX(July!$AL:$AL,MATCH($A40,July!$A:$A,0)),0)+IFERROR(INDEX(August!$AL:$AL,MATCH($A40,August!$A:$A,0)),0)+IFERROR(INDEX(September!$AK:$AK,MATCH($A40,September!$A:$A,0)),0)+IFERROR(INDEX(October!$AL:$AL,MATCH($A40,October!$A:$A,0)),0)+IFERROR(INDEX(November!$AK:$AK,MATCH($A40,November!$A:$A,0)),0)+IFERROR(INDEX(December!$AL:$AL,MATCH($A40,December!$A:$A,0)),0))*0.5 -> 16.5 | Z40: =IFERROR(INDEX(January!$AK:$AK,MATCH($A40,January!$A:$A,0)),0)+IFERROR(INDEX(February!$AH:$AH,MATCH($A40,February!$A:$A,0)),0)+IFERROR(INDEX(March!$AK:$AK,MATCH($A40,March!$A:$A,0)),0)+IFERROR(INDEX(April!$AJ:$AJ,MATCH($A40,April!$A:$A,0)),0)+IFERROR(INDEX(May!$AK:$AK,MATCH($A40,May!$A:$A,0)),0)+IFERROR(INDEX(June!$AJ:$AJ,MATCH($A40,June!$A:$A,0)),0)+IFERROR(INDEX(July!$AK:$AK,MATCH($A40,July!$A:$A,0)),0)+IFERROR(INDEX(August!$AK:$AK,MATCH($A40,August!$A:$A,0)),0)+IFERROR(INDEX(September!$AJ:$AJ,MATCH($A40,September!$A:$A,0)),0)+IFERROR(INDEX(October!$AK:$AK,MATCH($A40,October!$A:$A,0)),0)+IFERROR(INDEX(November!$AJ:$AJ,MATCH($A40,November!$A:$A,0)),0)+IFERROR(INDEX(December!$AK:$AK,MATCH($A40,December!$A:$A,0)),0) -> 31 | AA40: =Y40+Z40 -> 47.5 | AB40: 17 | AC40: =AA40+IF(AB40="",0,AB40) -> 64.5 | AE40: =AC40-IF(AD40="",0,AD40) -> 64.5
A41: 212 | B41: NIYONKURU ANICET | C41: OPERATORS | D41: 22 | E41: 27 | F41: 28 | G41: 16 | H41: 26 | I41: 24 | J41: 31 | K41: 31 | L41: 26 | M41: 25 | N41: 12 | O41: 9 | P41: =IFERROR(INDEX(January!$AI:$AI,MATCH($A41,January!$A:$A,0)),0)+IFERROR(INDEX(February!$AF:$AF,MATCH($A41,February!$A:$A,0)),0)+IFERROR(INDEX(March!$AI:$AI,MATCH($A41,March!$A:$A,0)),0)+IFERROR(INDEX(April!$AH:$AH,MATCH($A41,April!$A:$A,0)),0)+IFERROR(INDEX(May!$AI:$AI,MATCH($A41,May!$A:$A,0)),0)+IFERROR(INDEX(June!$AH:$AH,MATCH($A41,June!$A:$A,0)),0)+IFERROR(INDEX(July!$AI:$AI,MATCH($A41,July!$A:$A,0)),0)+IFERROR(INDEX(August!$AI:$AI,MATCH($A41,August!$A:$A,0)),0)+IFERROR(INDEX(September!$AH:$AH,MATCH($A41,September!$A:$A,0)),0)+IFERROR(INDEX(October!$AI:$AI,MATCH($A41,October!$A:$A,0)),0)+IFERROR(INDEX(November!$AH:$AH,MATCH($A41,November!$A:$A,0)),0)+IFERROR(INDEX(December!$AI:$AI,MATCH($A41,December!$A:$A,0)),0) -> 208 | Q41: =IFERROR(INDEX(January!$AJ:$AJ,MATCH($A41,January!$A:$A,0)),0)+IFERROR(INDEX(February!$AG:$AG,MATCH($A41,February!$A:$A,0)),0)+IFERROR(INDEX(March!$AJ:$AJ,MATCH($A41,March!$A:$A,0)),0)+IFERROR(INDEX(April!$AI:$AI,MATCH($A41,April!$A:$A,0)),0)+IFERROR(INDEX(May!$AJ:$AJ,MATCH($A41,May!$A:$A,0)),0)+IFERROR(INDEX(June!$AI:$AI,MATCH($A41,June!$A:$A,0)),0)+IFERROR(INDEX(July!$AJ:$AJ,MATCH($A41,July!$A:$A,0)),0)+IFERROR(INDEX(August!$AJ:$AJ,MATCH($A41,August!$A:$A,0)),0)+IFERROR(INDEX(September!$AI:$AI,MATCH($A41,September!$A:$A,0)),0)+IFERROR(INDEX(October!$AJ:$AJ,MATCH($A41,October!$A:$A,0)),0)+IFERROR(INDEX(November!$AI:$AI,MATCH($A41,November!$A:$A,0)),0)+IFERROR(INDEX(December!$AJ:$AJ,MATCH($A41,December!$A:$A,0)),0) -> 53 | R41: =IFERROR(INDEX(January!$AK:$AK,MATCH($A41,January!$A:$A,0)),0)+IFERROR(INDEX(February!$AH:$AH,MATCH($A41,February!$A:$A,0)),0)+IFERROR(INDEX(March!$AK:$AK,MATCH($A41,March!$A:$A,0)),0)+IFERROR(INDEX(April!$AJ:$AJ,MATCH($A41,April!$A:$A,0)),0)+IFERROR(INDEX(May!$AK:$AK,MATCH($A41,May!$A:$A,0)),0)+IFERROR(INDEX(June!$AJ:$AJ,MATCH($A41,June!$A:$A,0)),0)+IFERROR(INDEX(July!$AK:$AK,MATCH($A41,July!$A:$A,0)),0)+IFERROR(INDEX(August!$AK:$AK,MATCH($A41,August!$A:$A,0)),0)+IFERROR(INDEX(September!$AJ:$AJ,MATCH($A41,September!$A:$A,0)),0)+IFERROR(INDEX(October!$AK:$AK,MATCH($A41,October!$A:$A,0)),0)+IFERROR(INDEX(November!$AJ:$AJ,MATCH($A41,November!$A:$A,0)),0)+IFERROR(INDEX(December!$AK:$AK,MATCH($A41,December!$A:$A,0)),0) -> 31 | S41: =IF((P41+Q41)=0,"",P41/(P41+Q41)) -> 0.79693487 | U41: =IFERROR(INDEX(January!$AQ:$AQ,MATCH($A41,January!$A:$A,0)),0)+IFERROR(INDEX(February!$AN:$AN,MATCH($A41,February!$A:$A,0)),0)+IFERROR(INDEX(March!$AQ:$AQ,MATCH($A41,March!$A:$A,0)),0)+IFERROR(INDEX(April!$AP:$AP,MATCH($A41,April!$A:$A,0)),0)+IFERROR(INDEX(May!$AQ:$AQ,MATCH($A41,May!$A:$A,0)),0)+IFERROR(INDEX(June!$AP:$AP,MATCH($A41,June!$A:$A,0)),0)+IFERROR(INDEX(July!$AQ:$AQ,MATCH($A41,July!$A:$A,0)),0)+IFERROR(INDEX(August!$AQ:$AQ,MATCH($A41,August!$A:$A,0)),0)+IFERROR(INDEX(September!$AP:$AP,MATCH($A41,September!$A:$A,0)),0)+IFERROR(INDEX(October!$AQ:$AQ,MATCH($A41,October!$A:$A,0)),0)+IFERROR(INDEX(November!$AP:$AP,MATCH($A41,November!$A:$A,0)),0)+IFERROR(INDEX(December!$AQ:$AQ,MATCH($A41,December!$A:$A,0)),0) -> 255.5 | V41: =IFERROR(INDEX(January!$AJ:$AJ,MATCH($A41,January!$A:$A,0)),0)+IFERROR(INDEX(February!$AG:$AG,MATCH($A41,February!$A:$A,0)),0)+IFERROR(INDEX(March!$AJ:$AJ,MATCH($A41,March!$A:$A,0)),0)+IFERROR(INDEX(April!$AI:$AI,MATCH($A41,April!$A:$A,0)),0)+IFERROR(INDEX(May!$AJ:$AJ,MATCH($A41,May!$A:$A,0)),0)+IFERROR(INDEX(June!$AI:$AI,MATCH($A41,June!$A:$A,0)),0)+IFERROR(INDEX(July!$AJ:$AJ,MATCH($A41,July!$A:$A,0)),0)+IFERROR(INDEX(August!$AJ:$AJ,MATCH($A41,August!$A:$A,0)),0)+IFERROR(INDEX(September!$AI:$AI,MATCH($A41,September!$A:$A,0)),0)+IFERROR(INDEX(October!$AJ:$AJ,MATCH($A41,October!$A:$A,0)),0)+IFERROR(INDEX(November!$AI:$AI,MATCH($A41,November!$A:$A,0)),0)+IFERROR(INDEX(December!$AJ:$AJ,MATCH($A41,December!$A:$A,0)),0) -> 53 | W41: =IFERROR(INDEX(January!$AO:$AO,MATCH($A41,January!$A:$A,0)),0)+IFERROR(INDEX(February!$AL:$AL,MATCH($A41,February!$A:$A,0)),0)+IFERROR(INDEX(March!$AO:$AO,MATCH($A41,March!$A:$A,0)),0)+IFERROR(INDEX(April!$AN:$AN,MATCH($A41,April!$A:$A,0)),0)+IFERROR(INDEX(May!$AO:$AO,MATCH($A41,May!$A:$A,0)),0)+IFERROR(INDEX(June!$AN:$AN,MATCH($A41,June!$A:$A,0)),0)+IFERROR(INDEX(July!$AO:$AO,MATCH($A41,July!$A:$A,0)),0)+IFERROR(INDEX(August!$AO:$AO,MATCH($A41,August!$A:$A,0)),0)+IFERROR(INDEX(September!$AN:$AN,MATCH($A41,September!$A:$A,0)),0)+IFERROR(INDEX(October!$AO:$AO,MATCH($A41,October!$A:$A,0)),0)+IFERROR(INDEX(November!$AN:$AN,MATCH($A41,November!$A:$A,0)),0)+IFERROR(INDEX(December!$AO:$AO,MATCH($A41,December!$A:$A,0)),0) -> 5 | X41: =W41/2 -> 2.5 | Y41: =(IFERROR(INDEX(January!$AL:$AL,MATCH($A41,January!$A:$A,0)),0)+IFERROR(INDEX(February!$AI:$AI,MATCH($A41,February!$A:$A,0)),0)+IFERROR(INDEX(March!$AL:$AL,MATCH($A41,March!$A:$A,0)),0)+IFERROR(INDEX(April!$AK:$AK,MATCH($A41,April!$A:$A,0)),0)+IFERROR(INDEX(May!$AL:$AL,MATCH($A41,May!$A:$A,0)),0)+IFERROR(INDEX(June!$AK:$AK,MATCH($A41,June!$A:$A,0)),0)+IFERROR(INDEX(July!$AL:$AL,MATCH($A41,July!$A:$A,0)),0)+IFERROR(INDEX(August!$AL:$AL,MATCH($A41,August!$A:$A,0)),0)+IFERROR(INDEX(September!$AK:$AK,MATCH($A41,September!$A:$A,0)),0)+IFERROR(INDEX(October!$AL:$AL,MATCH($A41,October!$A:$A,0)),0)+IFERROR(INDEX(November!$AK:$AK,MATCH($A41,November!$A:$A,0)),0)+IFERROR(INDEX(December!$AL:$AL,MATCH($A41,December!$A:$A,0)),0))*0.5 -> 19 | Z41: =IFERROR(INDEX(January!$AK:$AK,MATCH($A41,January!$A:$A,0)),0)+IFERROR(INDEX(February!$AH:$AH,MATCH($A41,February!$A:$A,0)),0)+IFERROR(INDEX(March!$AK:$AK,MATCH($A41,March!$A:$A,0)),0)+IFERROR(INDEX(April!$AJ:$AJ,MATCH($A41,April!$A:$A,0)),0)+IFERROR(INDEX(May!$AK:$AK,MATCH($A41,May!$A:$A,0)),0)+IFERROR(INDEX(June!$AJ:$AJ,MATCH($A41,June!$A:$A,0)),0)+IFERROR(INDEX(July!$AK:$AK,MATCH($A41,July!$A:$A,0)),0)+IFERROR(INDEX(August!$AK:$AK,MATCH($A41,August!$A:$A,0)),0)+IFERROR(INDEX(September!$AJ:$AJ,MATCH($A41,September!$A:$A,0)),0)+IFERROR(INDEX(October!$AK:$AK,MATCH($A41,October!$A:$A,0)),0)+IFERROR(INDEX(November!$AJ:$AJ,MATCH($A41,November!$A:$A,0)),0)+IFERROR(INDEX(December!$AK:$AK,MATCH($A41,December!$A:$A,0)),0) -> 31 | AA41: =Y41+Z41 -> 50 | AB41: 17 | AC41: =AA41+IF(AB41="",0,AB41) -> 67 | AE41: =AC41-IF(AD41="",0,AD41) -> 67
